This is pdfTeX, Version 3.141592653-2.6-1.40.29 (MiKTeX 26.2) (preloaded format=pdflatex 2026.4.20)  25 MAY 2026 16:18
entering extended mode
 restricted \write18 enabled.
 %&-line parsing enabled.
**./apostila_controle_digital.tex
(apostila_controle_digital.tex
LaTeX2e <2025-11-01>
L3 programming layer <2026-03-20>
(C:\Users\engma\AppData\Local\Programs\MiKTeX\tex/latex/base\book.cls
Document Class: book 2025/01/22 v1.4n Standard LaTeX document class
(C:\Users\engma\AppData\Local\Programs\MiKTeX\tex/latex/base\bk11.clo
File: bk11.clo 2025/01/22 v1.4n Standard LaTeX file (size option)
)
\c@part=\count275
\c@chapter=\count276
\c@section=\count277
\c@subsection=\count278
\c@subsubsection=\count279
\c@paragraph=\count280
\c@subparagraph=\count281
\c@figure=\count282
\c@table=\count283
\abovecaptionskip=\skip49
\belowcaptionskip=\skip50
\bibindent=\dimen150
)
(C:\Users\engma\AppData\Local\Programs\MiKTeX\tex/latex/base\inputenc.sty
Package: inputenc 2024/02/08 v1.3d Input encoding file
\inpenc@prehook=\toks17
\inpenc@posthook=\toks18
)
(C:\Users\engma\AppData\Local\Programs\MiKTeX\tex/latex/base\fontenc.sty
Package: fontenc 2025/07/18 v2.1d Standard LaTeX package
)
(C:\Users\engma\AppData\Local\Programs\MiKTeX\tex/latex/lm\lmodern.sty
Package: lmodern 2015/05/01 v1.6.1 Latin Modern Fonts
LaTeX Font Info:    Overwriting symbol font `operators' in version `normal'
(Font)                  OT1/cmr/m/n --> OT1/lmr/m/n on input line 22.
LaTeX Font Info:    Overwriting symbol font `letters' in version `normal'
(Font)                  OML/cmm/m/it --> OML/lmm/m/it on input line 23.
LaTeX Font Info:    Overwriting symbol font `symbols' in version `normal'
(Font)                  OMS/cmsy/m/n --> OMS/lmsy/m/n on input line 24.
LaTeX Font Info:    Overwriting symbol font `largesymbols' in version `normal'
(Font)                  OMX/cmex/m/n --> OMX/lmex/m/n on input line 25.
LaTeX Font Info:    Overwriting symbol font `operators' in version `bold'
(Font)                  OT1/cmr/bx/n --> OT1/lmr/bx/n on input line 26.
LaTeX Font Info:    Overwriting symbol font `letters' in version `bold'
(Font)                  OML/cmm/b/it --> OML/lmm/b/it on input line 27.
LaTeX Font Info:    Overwriting symbol font `symbols' in version `bold'
(Font)                  OMS/cmsy/b/n --> OMS/lmsy/b/n on input line 28.
LaTeX Font Info:    Overwriting symbol font `largesymbols' in version `bold'
(Font)                  OMX/cmex/m/n --> OMX/lmex/m/n on input line 29.
LaTeX Font Info:    Overwriting math alphabet `\mathbf' in version `normal'
(Font)                  OT1/cmr/bx/n --> OT1/lmr/bx/n on input line 31.
LaTeX Font Info:    Overwriting math alphabet `\mathsf' in version `normal'
(Font)                  OT1/cmss/m/n --> OT1/lmss/m/n on input line 32.
LaTeX Font Info:    Overwriting math alphabet `\mathit' in version `normal'
(Font)                  OT1/cmr/m/it --> OT1/lmr/m/it on input line 33.
LaTeX Font Info:    Overwriting math alphabet `\mathtt' in version `normal'
(Font)                  OT1/cmtt/m/n --> OT1/lmtt/m/n on input line 34.
LaTeX Font Info:    Overwriting math alphabet `\mathbf' in version `bold'
(Font)                  OT1/cmr/bx/n --> OT1/lmr/bx/n on input line 35.
LaTeX Font Info:    Overwriting math alphabet `\mathsf' in version `bold'
(Font)                  OT1/cmss/bx/n --> OT1/lmss/bx/n on input line 36.
LaTeX Font Info:    Overwriting math alphabet `\mathit' in version `bold'
(Font)                  OT1/cmr/bx/it --> OT1/lmr/bx/it on input line 37.
LaTeX Font Info:    Overwriting math alphabet `\mathtt' in version `bold'
(Font)                  OT1/cmtt/m/n --> OT1/lmtt/m/n on input line 38.
)
(C:\Users\engma\AppData\Local\Programs\MiKTeX\tex/generic/babel\babel.sty
Package: babel 2026/03/24 v26.5 The multilingual framework for LuaLaTeX, pdfLaT
eX and XeLaTeX
\babel@savecnt=\count284
LaTeX Encoding Info:    Redeclaring text command \ij (encoding OT1) on input li
ne 2078.
LaTeX Encoding Info:    Redeclaring text command \IJ (encoding OT1) on input li
ne 2080.
LaTeX Encoding Info:    Redeclaring text command \ij (encoding T1) on input lin
e 2082.
LaTeX Encoding Info:    Redeclaring text command \IJ (encoding T1) on input lin
e 2083.
LaTeX Encoding Info:    Ignoring declaration for text command \ij (encoding ?) 
on input line 2084.
LaTeX Encoding Info:    Ignoring declaration for text command \IJ (encoding ?) 
on input line 2086.
LaTeX Encoding Info:    Ignoring declaration for text command \SS (encoding ?) 
on input line 2111.
\U@D=\dimen151
\l@unhyphenated=\language79

(C:\Users\engma\AppData\Local\Programs\MiKTeX\tex/generic/babel\txtbabel.def)
\bbl@readstream=\read2
\bbl@dirlevel=\count285
Package babel Info: Configuration files are deprecated, as
(babel)             they can break document portability.
(babel)             Reported on input line 4206.

*************************************
* Local config file bblopts.cfg used
*
(C:\Users\engma\AppData\Local\Programs\MiKTeX\tex/latex/arabi\bblopts.cfg
File: bblopts.cfg 2005/09/08 v0.1 add Arabic and Farsi to "declared" options of
 babel
)
(C:\Users\engma\AppData\Local\Programs\MiKTeX\tex/generic/babel/locale/pt\babel
-brazilian.tex)
Package babel Info: Importing font and identification data for brazilian
(babel)             from babel-pt-BR.ini. Reported on input line 4330.

(C:\Users\engma\AppData\Local\Programs\MiKTeX\tex/latex/babel-portuges\brazilia
n.ldf
Language: portuges 2026/01/24 v1.2u Portuguese support from the babel system
Package babel Info: Hyphen rules for 'brazilian' set to \l@portuguese
(babel)             (\language56). Reported on input line 100.
Package babel Info: Making " an active character on input line 132.
))
(C:\Users\engma\AppData\Local\Programs\MiKTeX\tex/latex/amsmath\amsmath.sty
Package: amsmath 2025/07/09 v2.17z AMS math features
\@mathmargin=\skip51

For additional information on amsmath, use the `?' option.
(C:\Users\engma\AppData\Local\Programs\MiKTeX\tex/latex/amsmath\amstext.sty
Package: amstext 2024/11/17 v2.01 AMS text

(C:\Users\engma\AppData\Local\Programs\MiKTeX\tex/latex/amsmath\amsgen.sty
File: amsgen.sty 1999/11/30 v2.0 generic functions
\@emptytoks=\toks19
\ex@=\dimen152
))
(C:\Users\engma\AppData\Local\Programs\MiKTeX\tex/latex/amsmath\amsbsy.sty
Package: amsbsy 1999/11/29 v1.2d Bold Symbols
\pmbraise@=\dimen153
)
(C:\Users\engma\AppData\Local\Programs\MiKTeX\tex/latex/amsmath\amsopn.sty
Package: amsopn 2022/04/08 v2.04 operator names
)
\inf@bad=\count286
LaTeX Info: Redefining \frac on input line 233.
\uproot@=\count287
\leftroot@=\count288
LaTeX Info: Redefining \overline on input line 398.
LaTeX Info: Redefining \colon on input line 409.
\classnum@=\count289
\DOTSCASE@=\count290
LaTeX Info: Redefining \ldots on input line 495.
LaTeX Info: Redefining \dots on input line 498.
LaTeX Info: Redefining \cdots on input line 619.
\Mathstrutbox@=\box53
\strutbox@=\box54
LaTeX Info: Redefining \big on input line 721.
LaTeX Info: Redefining \Big on input line 722.
LaTeX Info: Redefining \bigg on input line 723.
LaTeX Info: Redefining \Bigg on input line 724.
\big@size=\dimen154
LaTeX Font Info:    Redeclaring font encoding OML on input line 742.
LaTeX Font Info:    Redeclaring font encoding OMS on input line 743.
\macc@depth=\count291
LaTeX Info: Redefining \bmod on input line 904.
LaTeX Info: Redefining \pmod on input line 909.
LaTeX Info: Redefining \smash on input line 939.
LaTeX Info: Redefining \relbar on input line 969.
LaTeX Info: Redefining \Relbar on input line 970.
\c@MaxMatrixCols=\count292
\dotsspace@=\muskip17
\c@parentequation=\count293
\dspbrk@lvl=\count294
\tag@help=\toks20
\row@=\count295
\column@=\count296
\maxfields@=\count297
\andhelp@=\toks21
\eqnshift@=\dimen155
\alignsep@=\dimen156
\tagshift@=\dimen157
\tagwidth@=\dimen158
\totwidth@=\dimen159
\lineht@=\dimen160
\@envbody=\toks22
\multlinegap=\skip52
\multlinetaggap=\skip53
\mathdisplay@stack=\toks23
LaTeX Info: Redefining \[ on input line 2950.
LaTeX Info: Redefining \] on input line 2951.
)
(C:\Users\engma\AppData\Local\Programs\MiKTeX\tex/latex/amsfonts\amssymb.sty
Package: amssymb 2013/01/14 v3.01 AMS font symbols

(C:\Users\engma\AppData\Local\Programs\MiKTeX\tex/latex/amsfonts\amsfonts.sty
Package: amsfonts 2013/01/14 v3.01 Basic AMSFonts support
\symAMSa=\mathgroup4
\symAMSb=\mathgroup5
LaTeX Font Info:    Redeclaring math symbol \hbar on input line 98.
LaTeX Font Info:    Overwriting math alphabet `\mathfrak' in version `bold'
(Font)                  U/euf/m/n --> U/euf/b/n on input line 106.
)) (C:\Users\engma\AppData\Local\Programs\MiKTeX\tex/latex/amscls\amsthm.sty
Package: amsthm 2020/05/29 v2.20.6
\thm@style=\toks24
\thm@bodyfont=\toks25
\thm@headfont=\toks26
\thm@notefont=\toks27
\thm@headpunct=\toks28
\thm@preskip=\skip54
\thm@postskip=\skip55
\thm@headsep=\skip56
\dth@everypar=\toks29
)
(C:\Users\engma\AppData\Local\Programs\MiKTeX\tex/latex/graphics\graphicx.sty
Package: graphicx 2024/12/31 v1.2e Enhanced LaTeX Graphics (DPC,SPQR)

(C:\Users\engma\AppData\Local\Programs\MiKTeX\tex/latex/graphics\keyval.sty
Package: keyval 2022/05/29 v1.15 key=value parser (DPC)
\KV@toks@=\toks30
)
(C:\Users\engma\AppData\Local\Programs\MiKTeX\tex/latex/graphics\graphics.sty
Package: graphics 2024/08/06 v1.4g Standard LaTeX Graphics (DPC,SPQR)

(C:\Users\engma\AppData\Local\Programs\MiKTeX\tex/latex/graphics\trig.sty
Package: trig 2023/12/02 v1.11 sin cos tan (DPC)
)
(C:\Users\engma\AppData\Local\Programs\MiKTeX\tex/latex/graphics-cfg\graphics.c
fg
File: graphics.cfg 2016/06/04 v1.11 sample graphics configuration
)
Package graphics Info: Driver file: pdftex.def on input line 106.

(C:\Users\engma\AppData\Local\Programs\MiKTeX\tex/latex/graphics-def\pdftex.def
File: pdftex.def 2025/09/29 v1.2d Graphics/color driver for pdftex
))
\Gin@req@height=\dimen161
\Gin@req@width=\dimen162
)
(C:\Users\engma\AppData\Local\Programs\MiKTeX\tex/latex/geometry\geometry.sty
Package: geometry 2026/03/07 v6.0 Page Geometry

(C:\Users\engma\AppData\Local\Programs\MiKTeX\tex/generic/iftex\ifvtex.sty
Package: ifvtex 2019/10/25 v1.7 ifvtex legacy package. Use iftex instead.

(C:\Users\engma\AppData\Local\Programs\MiKTeX\tex/generic/iftex\iftex.sty
Package: iftex 2024/12/12 v1.0g TeX engine tests
))
\Gm@cnth=\count298
\Gm@cntv=\count299
\c@Gm@tempcnt=\count300
\Gm@bindingoffset=\dimen163
\Gm@wd@mp=\dimen164
\Gm@odd@mp=\dimen165
\Gm@even@mp=\dimen166
\Gm@layoutwidth=\dimen167
\Gm@layoutheight=\dimen168
\Gm@layouthoffset=\dimen169
\Gm@layoutvoffset=\dimen170
\Gm@dimlist=\toks31

(C:\Users\engma\AppData\Local\Programs\MiKTeX\tex/latex/geometry\geometry.cfg))
(C:\Users\engma\AppData\Local\Programs\MiKTeX\tex/latex/listings\listings.sty
\lst@mode=\count301
\lst@gtempboxa=\box55
\lst@token=\toks32
\lst@length=\count302
\lst@currlwidth=\dimen171
\lst@column=\count303
\lst@pos=\count304
\lst@lostspace=\dimen172
\lst@width=\dimen173
\lst@newlines=\count305
\lst@lineno=\count306
\lst@maxwidth=\dimen174

(C:\Users\engma\AppData\Local\Programs\MiKTeX\tex/latex/listings\lstpatch.sty
File: lstpatch.sty 2025/11/14 1.11b (Carsten Heinz)
)
(C:\Users\engma\AppData\Local\Programs\MiKTeX\tex/latex/listings\lstmisc.sty
File: lstmisc.sty 2025/11/14 1.11b (Carsten Heinz)
\c@lstnumber=\count307
\lst@skipnumbers=\count308
\lst@framebox=\box56
)
(C:\Users\engma\AppData\Local\Programs\MiKTeX\tex/latex/listings\listings.cfg
File: listings.cfg 2025/11/14 1.11b listings configuration
))
Package: listings 2025/11/14 1.11b (Carsten Heinz)
==> First Aid for listings.sty no longer applied!
    Expected:
        2024/09/23 1.10c (Carsten Heinz)
    but found:
        2025/11/14 1.11b (Carsten Heinz)
    so I'm assuming it got fixed.
(C:\Users\engma\AppData\Local\Programs\MiKTeX\tex/latex/xcolor\xcolor.sty
Package: xcolor 2024/09/29 v3.02 LaTeX color extensions (UK)

(C:\Users\engma\AppData\Local\Programs\MiKTeX\tex/latex/graphics-cfg\color.cfg
File: color.cfg 2016/01/02 v1.6 sample color configuration
)
Package xcolor Info: Driver file: pdftex.def on input line 274.
(C:\Users\engma\AppData\Local\Programs\MiKTeX\tex/latex/graphics\mathcolor.ltx)
Package xcolor Info: Model `cmy' substituted by `cmy0' on input line 1349.
Package xcolor Info: Model `hsb' substituted by `rgb' on input line 1353.
Package xcolor Info: Model `RGB' extended on input line 1365.
Package xcolor Info: Model `HTML' substituted by `rgb' on input line 1367.
Package xcolor Info: Model `Hsb' substituted by `hsb' on input line 1368.
Package xcolor Info: Model `tHsb' substituted by `hsb' on input line 1369.
Package xcolor Info: Model `HSB' substituted by `hsb' on input line 1370.
Package xcolor Info: Model `Gray' substituted by `gray' on input line 1371.
Package xcolor Info: Model `wave' substituted by `hsb' on input line 1372.
)
(C:\Users\engma\AppData\Local\Programs\MiKTeX\tex/latex/pgf/frontendlayer\tikz.
sty
(C:\Users\engma\AppData\Local\Programs\MiKTeX\tex/latex/pgf/basiclayer\pgf.sty
(C:\Users\engma\AppData\Local\Programs\MiKTeX\tex/latex/pgf/utilities\pgfrcs.st
y
(C:\Users\engma\AppData\Local\Programs\MiKTeX\tex/generic/pgf/utilities\pgfutil
-common.tex
\pgfutil@everybye=\toks33
\pgfutil@tempdima=\dimen175
\pgfutil@tempdimb=\dimen176
)
(C:\Users\engma\AppData\Local\Programs\MiKTeX\tex/generic/pgf/utilities\pgfutil
-latex.def
\pgfutil@abb=\box57
)
(C:\Users\engma\AppData\Local\Programs\MiKTeX\tex/generic/pgf/utilities\pgfrcs.
code.tex
(C:\Users\engma\AppData\Local\Programs\MiKTeX\tex/generic/pgf\pgf.revision.tex)
Package: pgfrcs 2025-08-29 v3.1.11a (3.1.11a)
))
Package: pgf 2025-08-29 v3.1.11a (3.1.11a)

(C:\Users\engma\AppData\Local\Programs\MiKTeX\tex/latex/pgf/basiclayer\pgfcore.
sty
(C:\Users\engma\AppData\Local\Programs\MiKTeX\tex/latex/pgf/systemlayer\pgfsys.
sty
(C:\Users\engma\AppData\Local\Programs\MiKTeX\tex/generic/pgf/systemlayer\pgfsy
s.code.tex
Package: pgfsys 2025-08-29 v3.1.11a (3.1.11a)

(C:\Users\engma\AppData\Local\Programs\MiKTeX\tex/generic/pgf/utilities\pgfkeys
.code.tex
\pgfkeys@pathtoks=\toks34
\pgfkeys@temptoks=\toks35

(C:\Users\engma\AppData\Local\Programs\MiKTeX\tex/generic/pgf/utilities\pgfkeys
libraryfiltered.code.tex
\pgfkeys@tmptoks=\toks36
))
\pgf@x=\dimen177
\pgf@y=\dimen178
\pgf@xa=\dimen179
\pgf@ya=\dimen180
\pgf@xb=\dimen181
\pgf@yb=\dimen182
\pgf@xc=\dimen183
\pgf@yc=\dimen184
\pgf@xd=\dimen185
\pgf@yd=\dimen186
\w@pgf@writea=\write3
\r@pgf@reada=\read3
\c@pgf@counta=\count309
\c@pgf@countb=\count310
\c@pgf@countc=\count311
\c@pgf@countd=\count312
\t@pgf@toka=\toks37
\t@pgf@tokb=\toks38
\t@pgf@tokc=\toks39
\pgf@sys@id@count=\count313

(C:\Users\engma\AppData\Local\Programs\MiKTeX\tex/generic/pgf/systemlayer\pgf.c
fg
File: pgf.cfg 2025-08-29 v3.1.11a (3.1.11a)
)
Driver file for pgf: pgfsys-pdftex.def

(C:\Users\engma\AppData\Local\Programs\MiKTeX\tex/generic/pgf/systemlayer\pgfsy
s-pdftex.def
File: pgfsys-pdftex.def 2025-08-29 v3.1.11a (3.1.11a)

(C:\Users\engma\AppData\Local\Programs\MiKTeX\tex/generic/pgf/systemlayer\pgfsy
s-common-pdf.def
File: pgfsys-common-pdf.def 2025-08-29 v3.1.11a (3.1.11a)
)))
(C:\Users\engma\AppData\Local\Programs\MiKTeX\tex/generic/pgf/systemlayer\pgfsy
ssoftpath.code.tex
File: pgfsyssoftpath.code.tex 2025-08-29 v3.1.11a (3.1.11a)
\pgfsyssoftpath@smallbuffer@items=\count314
\pgfsyssoftpath@bigbuffer@items=\count315
)
(C:\Users\engma\AppData\Local\Programs\MiKTeX\tex/generic/pgf/systemlayer\pgfsy
sprotocol.code.tex
File: pgfsysprotocol.code.tex 2025-08-29 v3.1.11a (3.1.11a)
))
(C:\Users\engma\AppData\Local\Programs\MiKTeX\tex/generic/pgf/basiclayer\pgfcor
e.code.tex
Package: pgfcore 2025-08-29 v3.1.11a (3.1.11a)

(C:\Users\engma\AppData\Local\Programs\MiKTeX\tex/generic/pgf/math\pgfmath.code
.tex
(C:\Users\engma\AppData\Local\Programs\MiKTeX\tex/generic/pgf/math\pgfmathutil.
code.tex)
(C:\Users\engma\AppData\Local\Programs\MiKTeX\tex/generic/pgf/math\pgfmathparse
r.code.tex
\pgfmath@dimen=\dimen187
\pgfmath@count=\count316
\pgfmath@box=\box58
\pgfmath@toks=\toks40
\pgfmath@stack@operand=\toks41
\pgfmath@stack@operation=\toks42
)
(C:\Users\engma\AppData\Local\Programs\MiKTeX\tex/generic/pgf/math\pgfmathfunct
ions.code.tex)
(C:\Users\engma\AppData\Local\Programs\MiKTeX\tex/generic/pgf/math\pgfmathfunct
ions.basic.code.tex)
(C:\Users\engma\AppData\Local\Programs\MiKTeX\tex/generic/pgf/math\pgfmathfunct
ions.trigonometric.code.tex)
(C:\Users\engma\AppData\Local\Programs\MiKTeX\tex/generic/pgf/math\pgfmathfunct
ions.random.code.tex)
(C:\Users\engma\AppData\Local\Programs\MiKTeX\tex/generic/pgf/math\pgfmathfunct
ions.comparison.code.tex)
(C:\Users\engma\AppData\Local\Programs\MiKTeX\tex/generic/pgf/math\pgfmathfunct
ions.base.code.tex)
(C:\Users\engma\AppData\Local\Programs\MiKTeX\tex/generic/pgf/math\pgfmathfunct
ions.round.code.tex)
(C:\Users\engma\AppData\Local\Programs\MiKTeX\tex/generic/pgf/math\pgfmathfunct
ions.misc.code.tex)
(C:\Users\engma\AppData\Local\Programs\MiKTeX\tex/generic/pgf/math\pgfmathfunct
ions.integerarithmetics.code.tex)
(C:\Users\engma\AppData\Local\Programs\MiKTeX\tex/generic/pgf/math\pgfmathcalc.
code.tex)
(C:\Users\engma\AppData\Local\Programs\MiKTeX\tex/generic/pgf/math\pgfmathfloat
.code.tex
\c@pgfmathroundto@lastzeros=\count317
))
(C:\Users\engma\AppData\Local\Programs\MiKTeX\tex/generic/pgf/math\pgfint.code.
tex)
(C:\Users\engma\AppData\Local\Programs\MiKTeX\tex/generic/pgf/basiclayer\pgfcor
epoints.code.tex
File: pgfcorepoints.code.tex 2025-08-29 v3.1.11a (3.1.11a)
\pgf@picminx=\dimen188
\pgf@picmaxx=\dimen189
\pgf@picminy=\dimen190
\pgf@picmaxy=\dimen191
\pgf@pathminx=\dimen192
\pgf@pathmaxx=\dimen193
\pgf@pathminy=\dimen194
\pgf@pathmaxy=\dimen195
\pgf@xx=\dimen196
\pgf@xy=\dimen197
\pgf@yx=\dimen198
\pgf@yy=\dimen199
\pgf@zx=\dimen256
\pgf@zy=\dimen257
)
(C:\Users\engma\AppData\Local\Programs\MiKTeX\tex/generic/pgf/basiclayer\pgfcor
epathconstruct.code.tex
File: pgfcorepathconstruct.code.tex 2025-08-29 v3.1.11a (3.1.11a)
\pgf@path@lastx=\dimen258
\pgf@path@lasty=\dimen259
)
(C:\Users\engma\AppData\Local\Programs\MiKTeX\tex/generic/pgf/basiclayer\pgfcor
epathusage.code.tex
File: pgfcorepathusage.code.tex 2025-08-29 v3.1.11a (3.1.11a)
\pgf@shorten@end@additional=\dimen260
\pgf@shorten@start@additional=\dimen261
)
(C:\Users\engma\AppData\Local\Programs\MiKTeX\tex/generic/pgf/basiclayer\pgfcor
escopes.code.tex
File: pgfcorescopes.code.tex 2025-08-29 v3.1.11a (3.1.11a)
\pgfpic=\box59
\pgf@hbox=\box60
\pgf@layerbox@main=\box61
\pgf@picture@serial@count=\count318
)
(C:\Users\engma\AppData\Local\Programs\MiKTeX\tex/generic/pgf/basiclayer\pgfcor
egraphicstate.code.tex
File: pgfcoregraphicstate.code.tex 2025-08-29 v3.1.11a (3.1.11a)
\pgflinewidth=\dimen262
)
(C:\Users\engma\AppData\Local\Programs\MiKTeX\tex/generic/pgf/basiclayer\pgfcor
etransformations.code.tex
File: pgfcoretransformations.code.tex 2025-08-29 v3.1.11a (3.1.11a)
\pgf@pt@x=\dimen263
\pgf@pt@y=\dimen264
\pgf@pt@temp=\dimen265
)
(C:\Users\engma\AppData\Local\Programs\MiKTeX\tex/generic/pgf/basiclayer\pgfcor
equick.code.tex
File: pgfcorequick.code.tex 2025-08-29 v3.1.11a (3.1.11a)
)
(C:\Users\engma\AppData\Local\Programs\MiKTeX\tex/generic/pgf/basiclayer\pgfcor
eobjects.code.tex
File: pgfcoreobjects.code.tex 2025-08-29 v3.1.11a (3.1.11a)
)
(C:\Users\engma\AppData\Local\Programs\MiKTeX\tex/generic/pgf/basiclayer\pgfcor
epathprocessing.code.tex
File: pgfcorepathprocessing.code.tex 2025-08-29 v3.1.11a (3.1.11a)
)
(C:\Users\engma\AppData\Local\Programs\MiKTeX\tex/generic/pgf/basiclayer\pgfcor
earrows.code.tex
File: pgfcorearrows.code.tex 2025-08-29 v3.1.11a (3.1.11a)
\pgfarrowsep=\dimen266
)
(C:\Users\engma\AppData\Local\Programs\MiKTeX\tex/generic/pgf/basiclayer\pgfcor
eshade.code.tex
File: pgfcoreshade.code.tex 2025-08-29 v3.1.11a (3.1.11a)
\pgf@max=\dimen267
\pgf@sys@shading@range@num=\count319
\pgf@shadingcount=\count320
)
(C:\Users\engma\AppData\Local\Programs\MiKTeX\tex/generic/pgf/basiclayer\pgfcor
eimage.code.tex
File: pgfcoreimage.code.tex 2025-08-29 v3.1.11a (3.1.11a)
)
(C:\Users\engma\AppData\Local\Programs\MiKTeX\tex/generic/pgf/basiclayer\pgfcor
eexternal.code.tex
File: pgfcoreexternal.code.tex 2025-08-29 v3.1.11a (3.1.11a)
\pgfexternal@startupbox=\box62
)
(C:\Users\engma\AppData\Local\Programs\MiKTeX\tex/generic/pgf/basiclayer\pgfcor
elayers.code.tex
File: pgfcorelayers.code.tex 2025-08-29 v3.1.11a (3.1.11a)
)
(C:\Users\engma\AppData\Local\Programs\MiKTeX\tex/generic/pgf/basiclayer\pgfcor
etransparency.code.tex
File: pgfcoretransparency.code.tex 2025-08-29 v3.1.11a (3.1.11a)
)
(C:\Users\engma\AppData\Local\Programs\MiKTeX\tex/generic/pgf/basiclayer\pgfcor
epatterns.code.tex
File: pgfcorepatterns.code.tex 2025-08-29 v3.1.11a (3.1.11a)
)
(C:\Users\engma\AppData\Local\Programs\MiKTeX\tex/generic/pgf/basiclayer\pgfcor
erdf.code.tex
File: pgfcorerdf.code.tex 2025-08-29 v3.1.11a (3.1.11a)
)))
(C:\Users\engma\AppData\Local\Programs\MiKTeX\tex/generic/pgf/modules\pgfmodule
shapes.code.tex
File: pgfmoduleshapes.code.tex 2025-08-29 v3.1.11a (3.1.11a)
\pgfnodeparttextbox=\box63
)
(C:\Users\engma\AppData\Local\Programs\MiKTeX\tex/generic/pgf/modules\pgfmodule
plot.code.tex
File: pgfmoduleplot.code.tex 2025-08-29 v3.1.11a (3.1.11a)
)
(C:\Users\engma\AppData\Local\Programs\MiKTeX\tex/latex/pgf/compatibility\pgfco
mp-version-0-65.sty
Package: pgfcomp-version-0-65 2025-08-29 v3.1.11a (3.1.11a)
\pgf@nodesepstart=\dimen268
\pgf@nodesepend=\dimen269
)
(C:\Users\engma\AppData\Local\Programs\MiKTeX\tex/latex/pgf/compatibility\pgfco
mp-version-1-18.sty
Package: pgfcomp-version-1-18 2025-08-29 v3.1.11a (3.1.11a)
))
(C:\Users\engma\AppData\Local\Programs\MiKTeX\tex/latex/pgf/utilities\pgffor.st
y
(C:\Users\engma\AppData\Local\Programs\MiKTeX\tex/latex/pgf/utilities\pgfkeys.s
ty
(C:\Users\engma\AppData\Local\Programs\MiKTeX\tex/generic/pgf/utilities\pgfkeys
.code.tex))
(C:\Users\engma\AppData\Local\Programs\MiKTeX\tex/latex/pgf/math\pgfmath.sty
(C:\Users\engma\AppData\Local\Programs\MiKTeX\tex/generic/pgf/math\pgfmath.code
.tex))
(C:\Users\engma\AppData\Local\Programs\MiKTeX\tex/generic/pgf/utilities\pgffor.
code.tex
Package: pgffor 2025-08-29 v3.1.11a (3.1.11a)
\pgffor@iter=\dimen270
\pgffor@skip=\dimen271
\pgffor@stack=\toks43
\pgffor@toks=\toks44
))
(C:\Users\engma\AppData\Local\Programs\MiKTeX\tex/generic/pgf/frontendlayer/tik
z\tikz.code.tex
Package: tikz 2025-08-29 v3.1.11a (3.1.11a)

(C:\Users\engma\AppData\Local\Programs\MiKTeX\tex/generic/pgf/libraries\pgflibr
aryplothandlers.code.tex
File: pgflibraryplothandlers.code.tex 2025-08-29 v3.1.11a (3.1.11a)
\pgf@plot@mark@count=\count321
\pgfplotmarksize=\dimen272
)
\tikz@lastx=\dimen273
\tikz@lasty=\dimen274
\tikz@lastxsaved=\dimen275
\tikz@lastysaved=\dimen276
\tikz@lastmovetox=\dimen277
\tikz@lastmovetoy=\dimen278
\tikzleveldistance=\dimen279
\tikzsiblingdistance=\dimen280
\tikz@figbox=\box64
\tikz@figbox@bg=\box65
\tikz@tempbox=\box66
\tikz@tempbox@bg=\box67
\tikztreelevel=\count322
\tikznumberofchildren=\count323
\tikznumberofcurrentchild=\count324
\tikz@fig@count=\count325

(C:\Users\engma\AppData\Local\Programs\MiKTeX\tex/generic/pgf/modules\pgfmodule
matrix.code.tex
File: pgfmodulematrix.code.tex 2025-08-29 v3.1.11a (3.1.11a)
\pgfmatrixcurrentrow=\count326
\pgfmatrixcurrentcolumn=\count327
\pgf@matrix@numberofcolumns=\count328
)
\tikz@expandcount=\count329

(C:\Users\engma\AppData\Local\Programs\MiKTeX\tex/generic/pgf/frontendlayer/tik
z/libraries\tikzlibrarytopaths.code.tex
File: tikzlibrarytopaths.code.tex 2025-08-29 v3.1.11a (3.1.11a)
)))
(C:\Users\engma\AppData\Local\Programs\MiKTeX\tex/generic/pgf/frontendlayer/tik
z/libraries\tikzlibraryshapes.code.tex
File: tikzlibraryshapes.code.tex 2025-08-29 v3.1.11a (3.1.11a)

(C:\Users\engma\AppData\Local\Programs\MiKTeX\tex/generic/pgf/frontendlayer/tik
z/libraries\tikzlibraryshapes.geometric.code.tex
File: tikzlibraryshapes.geometric.code.tex 2025-08-29 v3.1.11a (3.1.11a)

(C:\Users\engma\AppData\Local\Programs\MiKTeX\tex/generic/pgf/libraries/shapes\
pgflibraryshapes.geometric.code.tex
File: pgflibraryshapes.geometric.code.tex 2025-08-29 v3.1.11a (3.1.11a)
))
(C:\Users\engma\AppData\Local\Programs\MiKTeX\tex/generic/pgf/frontendlayer/tik
z/libraries\tikzlibraryshapes.misc.code.tex
File: tikzlibraryshapes.misc.code.tex 2025-08-29 v3.1.11a (3.1.11a)

(C:\Users\engma\AppData\Local\Programs\MiKTeX\tex/generic/pgf/libraries/shapes\
pgflibraryshapes.misc.code.tex
File: pgflibraryshapes.misc.code.tex 2025-08-29 v3.1.11a (3.1.11a)
))
(C:\Users\engma\AppData\Local\Programs\MiKTeX\tex/generic/pgf/frontendlayer/tik
z/libraries\tikzlibraryshapes.symbols.code.tex
File: tikzlibraryshapes.symbols.code.tex 2025-08-29 v3.1.11a (3.1.11a)

(C:\Users\engma\AppData\Local\Programs\MiKTeX\tex/generic/pgf/libraries/shapes\
pgflibraryshapes.symbols.code.tex
File: pgflibraryshapes.symbols.code.tex 2025-08-29 v3.1.11a (3.1.11a)
))
(C:\Users\engma\AppData\Local\Programs\MiKTeX\tex/generic/pgf/frontendlayer/tik
z/libraries\tikzlibraryshapes.arrows.code.tex
File: tikzlibraryshapes.arrows.code.tex 2025-08-29 v3.1.11a (3.1.11a)

(C:\Users\engma\AppData\Local\Programs\MiKTeX\tex/generic/pgf/libraries/shapes\
pgflibraryshapes.arrows.code.tex
File: pgflibraryshapes.arrows.code.tex 2025-08-29 v3.1.11a (3.1.11a)
))
(C:\Users\engma\AppData\Local\Programs\MiKTeX\tex/generic/pgf/frontendlayer/tik
z/libraries\tikzlibraryshapes.callouts.code.tex
(C:\Users\engma\AppData\Local\Programs\MiKTeX\tex/generic/pgf/libraries/shapes\
pgflibraryshapes.callouts.code.tex))
(C:\Users\engma\AppData\Local\Programs\MiKTeX\tex/generic/pgf/frontendlayer/tik
z/libraries\tikzlibraryshapes.multipart.code.tex
File: tikzlibraryshapes.multipart.code.tex 2025-08-29 v3.1.11a (3.1.11a)

(C:\Users\engma\AppData\Local\Programs\MiKTeX\tex/generic/pgf/libraries/shapes\
pgflibraryshapes.multipart.code.tex
File: pgflibraryshapes.multipart.code.tex 2025-08-29 v3.1.11a (3.1.11a)
\pgfnodepartlowerbox=\box68
\pgfnodeparttwobox=\box69
\pgfnodepartthreebox=\box70
\pgfnodepartfourbox=\box71
\pgfnodeparttwentybox=\box72
\pgfnodepartnineteenbox=\box73
\pgfnodeparteighteenbox=\box74
\pgfnodepartseventeenbox=\box75
\pgfnodepartsixteenbox=\box76
\pgfnodepartfifteenbox=\box77
\pgfnodepartfourteenbox=\box78
\pgfnodepartthirteenbox=\box79
\pgfnodeparttwelvebox=\box80
\pgfnodepartelevenbox=\box81
\pgfnodeparttenbox=\box82
\pgfnodepartninebox=\box83
\pgfnodeparteightbox=\box84
\pgfnodepartsevenbox=\box85
\pgfnodepartsixbox=\box86
\pgfnodepartfivebox=\box87
)))
(C:\Users\engma\AppData\Local\Programs\MiKTeX\tex/generic/pgf/frontendlayer/tik
z/libraries\tikzlibraryarrows.code.tex
File: tikzlibraryarrows.code.tex 2025-08-29 v3.1.11a (3.1.11a)

(C:\Users\engma\AppData\Local\Programs\MiKTeX\tex/generic/pgf/libraries\pgflibr
aryarrows.code.tex
File: pgflibraryarrows.code.tex 2025-08-29 v3.1.11a (3.1.11a)
\arrowsize=\dimen281
))
(C:\Users\engma\AppData\Local\Programs\MiKTeX\tex/generic/pgf/frontendlayer/tik
z/libraries\tikzlibrarypositioning.code.tex
File: tikzlibrarypositioning.code.tex 2025-08-29 v3.1.11a (3.1.11a)
)
(C:\Users\engma\AppData\Local\Programs\MiKTeX\tex/generic/pgf/frontendlayer/tik
z/libraries\tikzlibrarycalc.code.tex
File: tikzlibrarycalc.code.tex 2025-08-29 v3.1.11a (3.1.11a)
)
(C:\Users\engma\AppData\Local\Programs\MiKTeX\tex/latex/hyperref\hyperref.sty
Package: hyperref 2026-01-29 v7.01p Hypertext links for LaTeX

(C:\Users\engma\AppData\Local\Programs\MiKTeX\tex/latex/kvsetkeys\kvsetkeys.sty
Package: kvsetkeys 2022-10-05 v1.19 Key value parser (HO)
)
(C:\Users\engma\AppData\Local\Programs\MiKTeX\tex/generic/kvdefinekeys\kvdefine
keys.sty
Package: kvdefinekeys 2019-12-19 v1.6 Define keys (HO)
)
(C:\Users\engma\AppData\Local\Programs\MiKTeX\tex/generic/pdfescape\pdfescape.s
ty
Package: pdfescape 2019/12/09 v1.15 Implements pdfTeX's escape features (HO)

(C:\Users\engma\AppData\Local\Programs\MiKTeX\tex/generic/ltxcmds\ltxcmds.sty
Package: ltxcmds 2023-12-04 v1.26 LaTeX kernel commands for general use (HO)
)
(C:\Users\engma\AppData\Local\Programs\MiKTeX\tex/generic/pdftexcmds\pdftexcmds
.sty
Package: pdftexcmds 2020-06-27 v0.33 Utility functions of pdfTeX for LuaTeX (HO
)

(C:\Users\engma\AppData\Local\Programs\MiKTeX\tex/generic/infwarerr\infwarerr.s
ty
Package: infwarerr 2019/12/03 v1.5 Providing info/warning/error messages (HO)
)
Package pdftexcmds Info: \pdf@primitive is available.
Package pdftexcmds Info: \pdf@ifprimitive is available.
Package pdftexcmds Info: \pdfdraftmode found.
))
(C:\Users\engma\AppData\Local\Programs\MiKTeX\tex/latex/hycolor\hycolor.sty
Package: hycolor 2020-01-27 v1.10 Color options for hyperref/bookmark (HO)
)
(C:\Users\engma\AppData\Local\Programs\MiKTeX\tex/latex/hyperref\nameref.sty
Package: nameref 2026-01-29 v2.58 Cross-referencing by name of section

(C:\Users\engma\AppData\Local\Programs\MiKTeX\tex/latex/refcount\refcount.sty
Package: refcount 2019/12/15 v3.6 Data extraction from label references (HO)
)
(C:\Users\engma\AppData\Local\Programs\MiKTeX\tex/generic/gettitlestring\gettit
lestring.sty
Package: gettitlestring 2019/12/15 v1.6 Cleanup title references (HO)

(C:\Users\engma\AppData\Local\Programs\MiKTeX\tex/latex/kvoptions\kvoptions.sty
Package: kvoptions 2022-06-15 v3.15 Key value format for package options (HO)
))
\c@section@level=\count330
)
(C:\Users\engma\AppData\Local\Programs\MiKTeX\tex/latex/etoolbox\etoolbox.sty
Package: etoolbox 2025/10/02 v2.5m e-TeX tools for LaTeX (JAW)
\etb@tempcnta=\count331
)
(C:\Users\engma\AppData\Local\Programs\MiKTeX\tex/generic/stringenc\stringenc.s
ty
Package: stringenc 2019/11/29 v1.12 Convert strings between diff. encodings (HO
)
)
\@linkdim=\dimen282
\Hy@linkcounter=\count332
\Hy@pagecounter=\count333
 (C:\Users\engma\AppData\Local\Programs\MiKTeX\tex/latex/hyperref\pd1enc.def
File: pd1enc.def 2026-01-29 v7.01p Hyperref: PDFDocEncoding definition (HO)
Now handling font encoding PD1 ...
... no UTF-8 mapping file for font encoding PD1
) (C:\Users\engma\AppData\Local\Programs\MiKTeX\tex/generic/intcalc\intcalc.sty
Package: intcalc 2019/12/15 v1.3 Expandable calculations with integers (HO)
)
\Hy@SavedSpaceFactor=\count334
 (C:\Users\engma\AppData\Local\Programs\MiKTeX\tex/latex/hyperref\puenc.def
File: puenc.def 2026-01-29 v7.01p Hyperref: PDF Unicode definition (HO)
Now handling font encoding PU ...
... no UTF-8 mapping file for font encoding PU
)
Package hyperref Info: Hyper figures OFF on input line 4201.
Package hyperref Info: Link nesting OFF on input line 4206.
Package hyperref Info: Hyper index ON on input line 4209.
Package hyperref Info: Plain pages OFF on input line 4216.
Package hyperref Info: Backreferencing OFF on input line 4221.
Package hyperref Info: Implicit mode ON; LaTeX internals redefined.
Package hyperref Info: Bookmarks ON on input line 4468.
\c@Hy@tempcnt=\count335

(C:\Users\engma\AppData\Local\Programs\MiKTeX\tex/latex/url\url.sty
\Urlmuskip=\muskip18
Package: url 2013/09/16  ver 3.4  Verb mode for urls, etc.
)
LaTeX Info: Redefining \url on input line 4807.
\XeTeXLinkMargin=\dimen283

(C:\Users\engma\AppData\Local\Programs\MiKTeX\tex/generic/bitset\bitset.sty
Package: bitset 2019/12/09 v1.3 Handle bit-vector datatype (HO)

(C:\Users\engma\AppData\Local\Programs\MiKTeX\tex/generic/bigintcalc\bigintcalc
.sty
Package: bigintcalc 2019/12/15 v1.5 Expandable calculations on big integers (HO
)
))
\Fld@menulength=\count336
\Field@Width=\dimen284
\Fld@charsize=\dimen285
Package hyperref Info: Hyper figures OFF on input line 6084.
Package hyperref Info: Link nesting OFF on input line 6089.
Package hyperref Info: Hyper index ON on input line 6092.
Package hyperref Info: backreferencing OFF on input line 6099.
Package hyperref Info: Link coloring OFF on input line 6104.
Package hyperref Info: Link coloring with OCG OFF on input line 6109.
Package hyperref Info: PDF/A mode OFF on input line 6114.
\Hy@abspage=\count337
\c@Item=\count338
\c@Hfootnote=\count339
)
Package hyperref Info: Driver (autodetected): hpdftex.

(C:\Users\engma\AppData\Local\Programs\MiKTeX\tex/latex/hyperref\hpdftex.def
File: hpdftex.def 2026-01-29 v7.01p Hyperref driver for pdfTeX
\Fld@listcount=\count340
\c@bookmark@seq@number=\count341

(C:\Users\engma\AppData\Local\Programs\MiKTeX\tex/latex/rerunfilecheck\rerunfil
echeck.sty
Package: rerunfilecheck 2025-06-21 v1.11 Rerun checks for auxiliary files (HO)

(C:\Users\engma\AppData\Local\Programs\MiKTeX\tex/generic/uniquecounter\uniquec
ounter.sty
Package: uniquecounter 2019/12/15 v1.4 Provide unlimited unique counter (HO)
)
Package uniquecounter Info: New unique counter `rerunfilecheck' on input line 2
84.
)
\Hy@SectionHShift=\skip57
)
(C:\Users\engma\AppData\Local\Programs\MiKTeX\tex/latex/booktabs\booktabs.sty
Package: booktabs 2020/01/12 v1.61803398 Publication quality tables
\heavyrulewidth=\dimen286
\lightrulewidth=\dimen287
\cmidrulewidth=\dimen288
\belowrulesep=\dimen289
\belowbottomsep=\dimen290
\aboverulesep=\dimen291
\abovetopsep=\dimen292
\cmidrulesep=\dimen293
\cmidrulekern=\dimen294
\defaultaddspace=\dimen295
\@cmidla=\count342
\@cmidlb=\count343
\@aboverulesep=\dimen296
\@belowrulesep=\dimen297
\@thisruleclass=\count344
\@lastruleclass=\count345
\@thisrulewidth=\dimen298
)
(C:\Users\engma\AppData\Local\Programs\MiKTeX\tex/latex/float\float.sty
Package: float 2001/11/08 v1.3d Float enhancements (AL)
\c@float@type=\count346
\float@exts=\toks45
\float@box=\box88
\@float@everytoks=\toks46
\@floatcapt=\box89
)
(C:\Users\engma\AppData\Local\Programs\MiKTeX\tex/latex/fancyhdr\fancyhdr.sty
Package: fancyhdr 2025/02/07 v5.2 Extensive control of page headers and footers

\f@nch@headwidth=\skip58
\f@nch@offset@elh=\skip59
\f@nch@offset@erh=\skip60
\f@nch@offset@olh=\skip61
\f@nch@offset@orh=\skip62
\f@nch@offset@elf=\skip63
\f@nch@offset@erf=\skip64
\f@nch@offset@olf=\skip65
\f@nch@offset@orf=\skip66
\f@nch@height=\skip67
\f@nch@footalignment=\skip68
\f@nch@widthL=\skip69
\f@nch@widthC=\skip70
\f@nch@widthR=\skip71
\@temptokenb=\toks47
)
(C:\Users\engma\AppData\Local\Programs\MiKTeX\tex/latex/microtype\microtype.sty
Package: microtype 2026/03/01 v3.2d Micro-typographical refinements (RS)
\MT@toks=\toks48
\MT@tempbox=\box90
\MT@count=\count347
LaTeX Info: Redefining \noprotrusionifhmode on input line 1084.
LaTeX Info: Redefining \leftprotrusion on input line 1085.
\MT@prot@toks=\toks49
LaTeX Info: Redefining \rightprotrusion on input line 1104.
LaTeX Info: Redefining \textls on input line 1449.
\MT@outer@kern=\dimen299
LaTeX Info: Redefining \microtypecontext on input line 2053.
LaTeX Info: Redefining \textmicrotypecontext on input line 2070.
\MT@listname@count=\count348

(C:\Users\engma\AppData\Local\Programs\MiKTeX\tex/latex/microtype\microtype-pdf
tex.def
File: microtype-pdftex.def 2026/03/01 v3.2d Definitions specific to pdftex (RS)

LaTeX Info: Redefining \lsstyle on input line 944.
LaTeX Info: Redefining \lslig on input line 944.
\MT@outer@space=\skip72
)
Package microtype Info: Loading configuration file microtype.cfg.

(C:\Users\engma\AppData\Local\Programs\MiKTeX\tex/latex/microtype\microtype.cfg
File: microtype.cfg 2026/03/01 v3.2d microtype main configuration file (RS)
)
LaTeX Info: Redefining \microtypesetup on input line 3065.
)
(C:\Users\engma\AppData\Local\Programs\MiKTeX\tex/latex/caption\subcaption.sty
Package: subcaption 2023/07/28 v1.6b Sub-captions (AR)

(C:\Users\engma\AppData\Local\Programs\MiKTeX\tex/latex/caption\caption.sty
Package: caption 2023/08/05 v3.6o Customizing captions (AR)

(C:\Users\engma\AppData\Local\Programs\MiKTeX\tex/latex/caption\caption3.sty
Package: caption3 2023/07/31 v2.4d caption3 kernel (AR)
\caption@tempdima=\dimen300
\captionmargin=\dimen301
\caption@leftmargin=\dimen302
\caption@rightmargin=\dimen303
\caption@width=\dimen304
\caption@indent=\dimen305
\caption@parindent=\dimen306
\caption@hangindent=\dimen307
Package caption Info: Standard document class detected.
)
\c@caption@flags=\count349
\c@continuedfloat=\count350
Package caption Info: float package is loaded.
Package caption Info: hyperref package is loaded.
Package caption Info: listings package is loaded.
)
Package caption Info: New subtype `subfigure' on input line 238.
\c@subfigure=\count351
Package caption Info: New subtype `subtable' on input line 238.
\c@subtable=\count352
)
Package hyperref Info: Option `colorlinks' set `true' on input line 29.
(C:\Users\engma\AppData\Local\Programs\MiKTeX\tex/latex/listings\lstlang1.sty
File: lstlang1.sty 2025/11/14 1.11b listings language file
)
LaTeX Font Info:    Trying to load font information for T1+lmr on input line 74
.

(C:\Users\engma\AppData\Local\Programs\MiKTeX\tex/latex/lm\t1lmr.fd
File: t1lmr.fd 2015/05/01 v1.6.1 Font defs for Latin Modern
)
(C:\Users\engma\AppData\Local\Programs\MiKTeX\tex/latex/l3backend\l3backend-pdf
tex.def
File: l3backend-pdftex.def 2026-02-18 L3 backend support: PDF output (pdfTeX)
\l__color_backend_stack_int=\count353
)
(G:\My Drive\Disciplinas\Gradua√ß√£o\SEL0359-Controle Digital\slides\pdf\aposti
la_controle_digital.aux
Package babel Info: 'brazilian' activates 'portuges' shorthands.
(babel)             Reported on input line 8.
)
\openout1 = `apostila_controle_digital.aux'.

LaTeX Font Info:    Checking defaults for OML/cmm/m/it on input line 74.
LaTeX Font Info:    ... okay on input line 74.
LaTeX Font Info:    Checking defaults for OMS/cmsy/m/n on input line 74.
LaTeX Font Info:    ... okay on input line 74.
LaTeX Font Info:    Checking defaults for OT1/cmr/m/n on input line 74.
LaTeX Font Info:    ... okay on input line 74.
LaTeX Font Info:    Checking defaults for T1/cmr/m/n on input line 74.
LaTeX Font Info:    ... okay on input line 74.
LaTeX Font Info:    Checking defaults for TS1/cmr/m/n on input line 74.
LaTeX Font Info:    ... okay on input line 74.
LaTeX Font Info:    Checking defaults for OMX/cmex/m/n on input line 74.
LaTeX Font Info:    ... okay on input line 74.
LaTeX Font Info:    Checking defaults for U/cmr/m/n on input line 74.
LaTeX Font Info:    ... okay on input line 74.
LaTeX Font Info:    Checking defaults for PD1/pdf/m/n on input line 74.
LaTeX Font Info:    ... okay on input line 74.
LaTeX Font Info:    Checking defaults for PU/pdf/m/n on input line 74.
LaTeX Font Info:    ... okay on input line 74.

(C:\Users\engma\AppData\Local\Programs\MiKTeX\tex/context/base/mkii\supp-pdf.mk
ii
[Loading MPS to PDF converter (version 2006.09.02).]
\scratchcounter=\count354
\scratchdimen=\dimen308
\scratchbox=\box91
\nofMPsegments=\count355
\nofMParguments=\count356
\everyMPshowfont=\toks50
\MPscratchCnt=\count357
\MPscratchDim=\dimen309
\MPnumerator=\count358
\makeMPintoPDFobject=\count359
\everyMPtoPDFconversion=\toks51
)
(C:\Users\engma\AppData\Local\Programs\MiKTeX\tex/latex/epstopdf-pkg\epstopdf-b
ase.sty
Package: epstopdf-base 2020-01-24 v2.11 Base part for package epstopdf
Package epstopdf-base Info: Redefining graphics rule for `.eps' on input line 4
85.

(C:\Users\engma\AppData\Local\Programs\MiKTeX\tex/latex/00miktex\epstopdf-sys.c
fg
File: epstopdf-sys.cfg 2021/03/18 v2.0 Configuration of epstopdf for MiKTeX
))
*geometry* driver: auto-detecting
*geometry* detected driver: pdftex
*geometry* verbose mode - [ preamble ] result:
* driver: pdftex
* paper: a4paper
* layout: <same size as paper>
* layoutoffset:(h,v)=(0.0pt,0.0pt)
* modes: 
* h-part:(L,W,R)=(71.13188pt, 455.24411pt, 71.13188pt)
* v-part:(T,H,B)=(85.35826pt, 674.33032pt, 85.35826pt)
* \paperwidth=597.50787pt
* \paperheight=845.04684pt
* \textwidth=455.24411pt
* \textheight=674.33032pt
* \oddsidemargin=-1.1381pt
* \evensidemargin=-1.1381pt
* \topmargin=-18.78552pt
* \headheight=12.0pt
* \headsep=19.8738pt
* \topskip=11.0pt
* \footskip=27.46295pt
* \marginparwidth=53.0pt
* \marginparsep=7.0pt
* \columnsep=10.0pt
* \skip\footins=10.0pt plus 4.0pt minus 2.0pt
* \hoffset=0.0pt
* \voffset=0.0pt
* \mag=1000
* \@twocolumnfalse
* \@twosidefalse
* \@mparswitchfalse
* \@reversemarginfalse
* (1in=72.27pt=25.4mm, 1cm=28.453pt)

\c@lstlisting=\count360
Package hyperref Info: Link coloring ON on input line 74.

(G:\My Drive\Disciplinas\Gradua√ß√£o\SEL0359-Controle Digital\slides\pdf\aposti
la_controle_digital.out)
(G:\My Drive\Disciplinas\Gradua√ß√£o\SEL0359-Controle Digital\slides\pdf\aposti
la_controle_digital.out)
\@outlinefile=\write4
\openout4 = `apostila_controle_digital.out'.

LaTeX Info: Redefining \microtypecontext on input line 74.
Package microtype Info: Applying patch `item' on input line 74.
Package microtype Info: Applying patch `toc' on input line 74.
Package microtype Info: Applying patch `eqnum' on input line 74.
Package microtype Info: Applying patch `footnote' on input line 74.
Package microtype Info: Applying patch `verbatim' on input line 74.
LaTeX Info: Redefining \microtypesetup on input line 74.
Package microtype Info: Generating PDF output.
Package microtype Info: Character protrusion enabled (level 2).
Package microtype Info: Using default protrusion set `alltext'.
Package microtype Info: Automatic font expansion enabled (level 2),
(microtype)             stretch: 20, shrink: 20, step: 1, non-selected.
Package microtype Info: Using default expansion set `alltext-nott'.
Package microtype Info: Patching command `\showhyphens'.
Package microtype Info: No adjustment of tracking.
Package microtype Info: No adjustment of interword spacing.
Package microtype Info: No adjustment of character kerning.

(C:\Users\engma\AppData\Local\Programs\MiKTeX\tex/latex/microtype\mt-cmr.cfg
File: mt-cmr.cfg 2013/05/19 v2.2 microtype config. file: Computer Modern Roman 
(RS)
)
Package caption Info: Begin \AtBeginDocument code.
Package caption Info: End \AtBeginDocument code.
<images/sel.png, id=322, 443.6575pt x 351.3125pt>
File: images/sel.png Graphic file (type png)
<use images/sel.png>
Package pdftex.def Info: images/sel.png  used on input line 82.
(pdftex.def)             Requested size: 113.81102pt x 90.11687pt.
<images/Logo EESC-USP_top.png, id=324, 71.7882pt x 32.5215pt>
File: images/Logo EESC-USP_top.png Graphic file (type png)
<use images/Logo EESC-USP_top.png>
Package pdftex.def Info: images/Logo EESC-USP_top.png  used on input line 83.
(pdftex.def)             Requested size: 136.57462pt x 61.87682pt.
Package microtype Info: Character `029' is missing
(microtype)             in font `T1/lmr/m/sc/10.95'.
(microtype)             Ignoring protrusion settings for this character.
Package microtype Info: Character `029' is missing
(microtype)             in font `T1/lmr/m/sc/17.28'.
(microtype)             Ignoring protrusion settings for this character.
Package microtype Info: Character `029' is missing
(microtype)             in font `T1/lmr/m/sc/14.4'.
(microtype)             Ignoring protrusion settings for this character.
Package microtype Info: Character `029' is missing
(microtype)             in font `T1/lmr/m/sc/12'.
(microtype)             Ignoring protrusion settings for this character.
LaTeX Font Info:    Trying to load font information for OT1+lmr on input line 9
9.

(C:\Users\engma\AppData\Local\Programs\MiKTeX\tex/latex/lm\ot1lmr.fd
File: ot1lmr.fd 2015/05/01 v1.6.1 Font defs for Latin Modern
)
LaTeX Font Info:    Trying to load font information for OML+lmm on input line 9
9.

(C:\Users\engma\AppData\Local\Programs\MiKTeX\tex/latex/lm\omllmm.fd
File: omllmm.fd 2015/05/01 v1.6.1 Font defs for Latin Modern
)
LaTeX Font Info:    Trying to load font information for OMS+lmsy on input line 
99.

(C:\Users\engma\AppData\Local\Programs\MiKTeX\tex/latex/lm\omslmsy.fd
File: omslmsy.fd 2015/05/01 v1.6.1 Font defs for Latin Modern
)
LaTeX Font Info:    Trying to load font information for OMX+lmex on input line 
99.

(C:\Users\engma\AppData\Local\Programs\MiKTeX\tex/latex/lm\omxlmex.fd
File: omxlmex.fd 2015/05/01 v1.6.1 Font defs for Latin Modern
)
LaTeX Font Info:    External font `lmex10' loaded for size
(Font)              <12> on input line 99.
LaTeX Font Info:    External font `lmex10' loaded for size
(Font)              <8> on input line 99.
LaTeX Font Info:    External font `lmex10' loaded for size
(Font)              <6> on input line 99.
LaTeX Font Info:    Trying to load font information for U+msa on input line 99.


(C:\Users\engma\AppData\Local\Programs\MiKTeX\tex/latex/amsfonts\umsa.fd
File: umsa.fd 2013/01/14 v3.01 AMS symbols A
)
(C:\Users\engma\AppData\Local\Programs\MiKTeX\tex/latex/microtype\mt-msa.cfg
File: mt-msa.cfg 2006/02/04 v1.1 microtype config. file: AMS symbols (a) (RS)
)
LaTeX Font Info:    Trying to load font information for U+msb on input line 99.


(C:\Users\engma\AppData\Local\Programs\MiKTeX\tex/latex/amsfonts\umsb.fd
File: umsb.fd 2013/01/14 v3.01 AMS symbols B
)
(C:\Users\engma\AppData\Local\Programs\MiKTeX\tex/latex/microtype\mt-msb.cfg
File: mt-msb.cfg 2005/06/01 v1.0 microtype config. file: AMS symbols (b) (RS)
)
[1


{C:/Users/engma/AppData/Local/MiKTeX/fonts/map/pdftex/pdftex.map}{C:/Users/engm
a/AppData/Local/Programs/MiKTeX/fonts/enc/dvips/lm/lm-ec.enc} <./images/sel.png
> <./images/Logo EESC-USP_top.png>]
(G:\My Drive\Disciplinas\Gradua√ß√£o\SEL0359-Controle Digital\slides\pdf\aposti
la_controle_digital.toc
LaTeX Font Info:    External font `lmex10' loaded for size
(Font)              <10.95> on input line 3.

pdfTeX warning (ext4): destination with the same identifier (name{page.1}) has 
been already used, duplicate ignored
<to be read again> 
                   \relax 
l.37 ...bilidade em Tempo Discreto}{39}{chapter.5}
                                                  % [1

])
\tf@toc=\write5
\openout5 = `apostila_controle_digital.toc'.

Package babel Info: 'brazilian' activates 'portuges' shorthands.
(babel)             Reported on input line 103.
 [2] [3]
Cap\'{\i }tulo 1.
LaTeX Font Info:    Trying to load font information for TS1+lmr on input line 1
12.
(C:\Users\engma\AppData\Local\Programs\MiKTeX\tex/latex/lm\ts1lmr.fd
File: ts1lmr.fd 2015/05/01 v1.6.1 Font defs for Latin Modern
)
<images/edisciplina.png, id=432, 225.84375pt x 28.60687pt>
File: images/edisciplina.png Graphic file (type png)
<use images/edisciplina.png>
Package pdftex.def Info: images/edisciplina.png  used on input line 125.
(pdftex.def)             Requested size: 218.51521pt x 27.68008pt.
<images/matlab_logo.png, id=433, 401.5pt x 127.47626pt>
File: images/matlab_logo.png Graphic file (type png)
<use images/matlab_logo.png>
Package pdftex.def Info: images/matlab_logo.png  used on input line 131.
(pdftex.def)             Requested size: 218.51521pt x 69.38078pt.
<images/matlab_onramp.png, id=434, 855.94781pt x 565.36218pt>
File: images/matlab_onramp.png Graphic file (type png)
<use images/matlab_onramp.png>
Package pdftex.def Info: images/matlab_onramp.png  used on input line 137.
(pdftex.def)             Requested size: 218.51521pt x 144.32504pt.
<images/python-logo.png, id=435, 3854.4pt x 2168.1pt>
File: images/python-logo.png Graphic file (type png)
<use images/python-logo.png>
Package pdftex.def Info: images/python-logo.png  used on input line 143.
(pdftex.def)             Requested size: 218.51521pt x 122.90147pt.
<images/julia-logo.png, id=436, 1284.8pt x 868.24374pt>
File: images/julia-logo.png Graphic file (type png)
<use images/julia-logo.png>
Package pdftex.def Info: images/julia-logo.png  used on input line 149.
(pdftex.def)             Requested size: 218.51521pt x 147.66573pt.
 [4

{C:/Users/engma/AppData/Local/Programs/MiKTeX/fonts/enc/dvips/lm/lm-ts1.enc}{C:
/Users/engma/AppData/Local/Programs/MiKTeX/fonts/enc/dvips/lm/lm-mathit.enc}] [
5 <./images/edisciplina.png> <./images/matlab_logo.png> <./images/matlab_onramp
.png> <./images/python-logo.png> <./images/julia-logo.png>]
<images/aviao.png, id=463, 705.38531pt x 436.63126pt>
File: images/aviao.png Graphic file (type png)
<use images/aviao.png>
Package pdftex.def Info: images/aviao.png  used on input line 170.
(pdftex.def)             Requested size: 218.51521pt x 135.26102pt.
<images/usina_nuclear.jpg, id=464, 1284.8pt x 931.48pt>
File: images/usina_nuclear.jpg Graphic file (type jpg)
<use images/usina_nuclear.jpg>
Package pdftex.def Info: images/usina_nuclear.jpg  used on input line 177.
(pdftex.def)             Requested size: 218.51521pt x 158.42056pt.
<images/nuclear_reactor.jpg, id=465, 1027.84pt x 540.0175pt>
File: images/nuclear_reactor.jpg Graphic file (type jpg)
<use images/nuclear_reactor.jpg>
Package pdftex.def Info: images/nuclear_reactor.jpg  used on input line 184.
(pdftex.def)             Requested size: 218.51521pt x 114.79958pt.
<images/industria.jpg, id=466, 940.26282pt x 542.025pt>
File: images/industria.jpg Graphic file (type jpg)
<use images/industria.jpg>
Package pdftex.def Info: images/industria.jpg  used on input line 192.
(pdftex.def)             Requested size: 218.51521pt x 125.96161pt.
<images/industria2.jpg, id=467, 1541.76pt x 1028.34187pt>
File: images/industria2.jpg Graphic file (type jpg)
<use images/industria2.jpg>
Package pdftex.def Info: images/industria2.jpg  used on input line 199.
(pdftex.def)             Requested size: 218.51521pt x 145.73999pt.
<images/controle_tracao.jpg, id=468, 993.7125pt x 662.475pt>
File: images/controle_tracao.jpg Graphic file (type jpg)
<use images/controle_tracao.jpg>
Package pdftex.def Info: images/controle_tracao.jpg  used on input line 206.
(pdftex.def)             Requested size: 218.51521pt x 145.6742pt.
<images/controle_tracao2.jpg, id=469, 622.325pt x 496.85625pt>
File: images/controle_tracao2.jpg Graphic file (type jpg)
<use images/controle_tracao2.jpg>
Package pdftex.def Info: images/controle_tracao2.jpg  used on input line 213.
(pdftex.def)             Requested size: 218.51521pt x 174.45573pt.
<images/controL_diabetes.png, id=470, 548.0475pt x 323.70938pt>
File: images/controL_diabetes.png Graphic file (type png)
<use images/controL_diabetes.png>
Package pdftex.def Info: images/controL_diabetes.png  used on input line 221.
(pdftex.def)             Requested size: 218.51521pt x 129.07149pt.
 [6]
Overfull \vbox (182.82883pt too high) has occurred while \output is active []


[7 <./images/aviao.png> <./images/usina_nuclear.jpg> <./images/nuclear_reactor.
jpg> <./images/industria.jpg> <./images/industria2.jpg> <./images/controle_trac
ao.jpg> <./images/controle_tracao2.jpg> <./images/controL_diabetes.png>]
<images/youtube_self_balanced_robot.png, id=485, 1627.07875pt x 1044.90375pt>
File: images/youtube_self_balanced_robot.png Graphic file (type png)
<use images/youtube_self_balanced_robot.png>
Package pdftex.def Info: images/youtube_self_balanced_robot.png  used on input 
line 235.
(pdftex.def)             Requested size: 218.51521pt x 140.3225pt.
<images/youtube_self_balanced_robot_planta.png, id=486, 1627.07875pt x 1044.903
75pt>
File: images/youtube_self_balanced_robot_planta.png Graphic file (type png)
<use images/youtube_self_balanced_robot_planta.png>
Package pdftex.def Info: images/youtube_self_balanced_robot_planta.png  used on
 input line 242.
(pdftex.def)             Requested size: 218.51521pt x 140.3225pt.
<images/youtube_self_balanced_robot_atuador.png, id=487, 1627.07875pt x 1044.90
375pt>
File: images/youtube_self_balanced_robot_atuador.png Graphic file (type png)
<use images/youtube_self_balanced_robot_atuador.png>
Package pdftex.def Info: images/youtube_self_balanced_robot_atuador.png  used o
n input line 249.
(pdftex.def)             Requested size: 218.51521pt x 140.3225pt.
<images/youtube_self_balanced_robot_processo_atuador.png, id=488, 1627.07875pt 
x 1044.90375pt>
File: images/youtube_self_balanced_robot_processo_atuador.png Graphic file (typ
e png)
<use images/youtube_self_balanced_robot_processo_atuador.png>
Package pdftex.def Info: images/youtube_self_balanced_robot_processo_atuador.pn
g  used on input line 257.
(pdftex.def)             Requested size: 218.51521pt x 140.3225pt.
<images/youtube_self_balanced_robot_pertubacao.png, id=489, 1627.07875pt x 1044
.90375pt>
File: images/youtube_self_balanced_robot_pertubacao.png Graphic file (type png)

<use images/youtube_self_balanced_robot_pertubacao.png>
Package pdftex.def Info: images/youtube_self_balanced_robot_pertubacao.png  use
d on input line 264.
(pdftex.def)             Requested size: 218.51521pt x 140.3225pt.

[8 <./images/youtube_self_balanced_robot.png (PNG copy)> <./images/youtube_self
_balanced_robot_planta.png (PNG copy)> <./images/youtube_self_balanced_robot_at
uador.png (PNG copy)> <./images/youtube_self_balanced_robot_processo_atuador.pn
g (PNG copy)> <./images/youtube_self_balanced_robot_pertubacao.png (PNG copy)>]
<images/design_process.png, id=498, 134.4222pt x 168.3891pt>
File: images/design_process.png Graphic file (type png)
<use images/design_process.png>
Package pdftex.def Info: images/design_process.png  used on input line 287.
(pdftex.def)             Requested size: 218.51521pt x 273.76262pt.
<images/design_process2.png, id=499, 152.7306pt x 168.3891pt>
File: images/design_process2.png Graphic file (type png)
<use images/design_process2.png>
Package pdftex.def Info: images/design_process2.png  used on input line 294.
(pdftex.def)             Requested size: 218.51521pt x 240.93588pt.
[9{C:/Users/engma/AppData/Local/Programs/MiKTeX/fonts/enc/dvips/lm/lm-rm.enc} <
./images/design_process.png> <./images/design_process2.png>]
<images/malha_controle.png, id=516, 242.1045pt x 125.7498pt>
File: images/malha_controle.png Graphic file (type png)
<use images/malha_controle.png>
Package pdftex.def Info: images/malha_controle.png  used on input line 341.
(pdftex.def)             Requested size: 218.51521pt x 113.50188pt.
<images/malha_controle0.png, id=517, 242.1045pt x 105.996pt>
File: images/malha_controle0.png Graphic file (type png)
<use images/malha_controle0.png>
Package pdftex.def Info: images/malha_controle0.png  used on input line 347.
(pdftex.def)             Requested size: 218.51521pt x 95.67207pt.
<images/malha_controle_atuador_processo.png, id=518, 242.1045pt x 106.4778pt>
File: images/malha_controle_atuador_processo.png Graphic file (type png)
<use images/malha_controle_atuador_processo.png>
Package pdftex.def Info: images/malha_controle_atuador_processo.png  used on in
put line 353.
(pdftex.def)             Requested size: 218.51521pt x 96.10693pt.
<images/malha_controle_digital.png, id=519, 242.1045pt x 104.0688pt>
File: images/malha_controle_digital.png Graphic file (type png)
<use images/malha_controle_digital.png>
Package pdftex.def Info: images/malha_controle_digital.png  used on input line 
360.
(pdftex.def)             Requested size: 218.51521pt x 93.93259pt.
<images/malha_controle_digital2.png, id=520, 242.1045pt x 109.6095pt>
File: images/malha_controle_digital2.png Graphic file (type png)
<use images/malha_controle_digital2.png>
Package pdftex.def Info: images/malha_controle_digital2.png  used on input line
 366.
(pdftex.def)             Requested size: 218.51521pt x 98.93361pt.
<images/malha_controle_digital3.png, id=521, 246.4407pt x 121.1727pt>
File: images/malha_controle_digital3.png Graphic file (type png)
<use images/malha_controle_digital3.png>
Package pdftex.def Info: images/malha_controle_digital3.png  used on input line
 372.
(pdftex.def)             Requested size: 218.51521pt x 107.44212pt.
<images/malha_controle_digital4.png, id=522, 246.4407pt x 121.1727pt>
File: images/malha_controle_digital4.png Graphic file (type png)
<use images/malha_controle_digital4.png>
Package pdftex.def Info: images/malha_controle_digital4.png  used on input line
 378.
(pdftex.def)             Requested size: 218.51521pt x 107.44212pt.
 [10{C:/Users/engma/AppData/Local/Programs/MiKTeX/fonts/enc/dvips/lm/lm-mathsy.
enc}]
<images/malha_controle_on_off.png, id=534, 242.1045pt x 104.0688pt>
File: images/malha_controle_on_off.png Graphic file (type png)
<use images/malha_controle_on_off.png>
Package pdftex.def Info: images/malha_controle_on_off.png  used on input line 3
92.
(pdftex.def)             Requested size: 218.51521pt x 93.93259pt.
<images/resposta_on_off.png, id=535, 178.0251pt x 103.587pt>
File: images/resposta_on_off.png Graphic file (type png)
<use images/resposta_on_off.png>
Package pdftex.def Info: images/resposta_on_off.png  used on input line 398.
(pdftex.def)             Requested size: 218.51521pt x 127.15202pt.
<images/malha_controle_PID.png, id=536, 242.1045pt x 104.0688pt>
File: images/malha_controle_PID.png Graphic file (type png)
<use images/malha_controle_PID.png>
Package pdftex.def Info: images/malha_controle_PID.png  used on input line 405.

(pdftex.def)             Requested size: 218.51521pt x 93.93259pt.
<images/desempenho_saida2.png, id=537, 166.7028pt x 99.7326pt>
File: images/desempenho_saida2.png Graphic file (type png)
<use images/desempenho_saida2.png>
Package pdftex.def Info: images/desempenho_saida2.png  used on input line 411.
(pdftex.def)             Requested size: 218.51521pt x 130.74043pt.
 [11 <./images/malha_controle.png> <./images/malha_controle0.png> <./images/mal
ha_controle_atuador_processo.png> <./images/malha_controle_digital.png> <./imag
es/malha_controle_digital2.png> <./images/malha_controle_digital3.png> <./image
s/malha_controle_digital4.png>]
<images/capacitor_indutor.jpg, id=552, 752.8125pt x 423.5825pt>
File: images/capacitor_indutor.jpg Graphic file (type jpg)
<use images/capacitor_indutor.jpg>
Package pdftex.def Info: images/capacitor_indutor.jpg  used on input line 434.
(pdftex.def)             Requested size: 218.51521pt x 122.95212pt.
<images/capacitor_indutor2.jpg, id=553, 564.60938pt x 317.68687pt>
File: images/capacitor_indutor2.jpg Graphic file (type jpg)
<use images/capacitor_indutor2.jpg>
Package pdftex.def Info: images/capacitor_indutor2.jpg  used on input line 440.

(pdftex.def)             Requested size: 218.51521pt x 122.9521pt.
<images/microcontroller.png, id=554, 695.59875pt x 436.63126pt>
File: images/microcontroller.png Graphic file (type png)
<use images/microcontroller.png>
Package pdftex.def Info: images/microcontroller.png  used on input line 446.
(pdftex.def)             Requested size: 218.51521pt x 137.1598pt.
<images/arduino.png, id=555, 553.06625pt x 406.51875pt>
File: images/arduino.png Graphic file (type png)
<use images/arduino.png>
Package pdftex.def Info: images/arduino.png  used on input line 453.
(pdftex.def)             Requested size: 218.51521pt x 160.61345pt.
<images/esp32.png, id=556, 602.25pt x 602.25pt>
File: images/esp32.png Graphic file (type png)
<use images/esp32.png>
Package pdftex.def Info: images/esp32.png  used on input line 459.
(pdftex.def)             Requested size: 218.51521pt x 218.51909pt.
 [12 <./images/malha_controle_on_off.png> <./images/resposta_on_off.png> <./ima
ges/malha_controle_PID.png> <./images/desempenho_saida2.png>]
[13 <./images/capacitor_indutor.jpg> <./images/capacitor_indutor2.jpg> <./image
s/microcontroller.png> <./images/arduino.png> <./images/esp32.png>]
<images/ampOp_polos.png, id=578, 216.5691pt x 146.949pt>
File: images/ampOp_polos.png Graphic file (type png)
<use images/ampOp_polos.png>
Package pdftex.def Info: images/ampOp_polos.png  used on input line 500.
(pdftex.def)             Requested size: 218.51521pt x 148.27156pt.
<images/ampOp_zeros.png, id=579, 218.2554pt x 119.4864pt>
File: images/ampOp_zeros.png Graphic file (type png)
<use images/ampOp_zeros.png>
Package pdftex.def Info: images/ampOp_zeros.png  used on input line 507.
(pdftex.def)             Requested size: 218.51521pt x 119.63013pt.
<images/if_else.png, id=582, 623.32875pt x 197.23688pt>
File: images/if_else.png Graphic file (type png)
<use images/if_else.png>
Package pdftex.def Info: images/if_else.png  used on input line 522.
(pdftex.def)             Requested size: 218.51521pt x 69.14528pt.
<images/switch.png, id=583, 625.58719pt x 197.23688pt>
File: images/switch.png Graphic file (type png)
<use images/switch.png>
Package pdftex.def Info: images/switch.png  used on input line 528.
(pdftex.def)             Requested size: 218.51521pt x 68.89247pt.
<images/for_loop.png, id=584, 627.09282pt x 197.23688pt>
File: images/for_loop.png Graphic file (type png)
<use images/for_loop.png>
Package pdftex.def Info: images/for_loop.png  used on input line 534.
(pdftex.def)             Requested size: 218.51521pt x 68.72997pt.
<images/while_loop.png, id=585, 623.32875pt x 197.23688pt>
File: images/while_loop.png Graphic file (type png)
<use images/while_loop.png>
Package pdftex.def Info: images/while_loop.png  used on input line 540.
(pdftex.def)             Requested size: 218.51521pt x 69.14528pt.
<images/evita_loop.png, id=586, 639.89063pt x 283.0575pt>
File: images/evita_loop.png Graphic file (type png)
<use images/evita_loop.png>
Package pdftex.def Info: images/evita_loop.png  used on input line 546.
(pdftex.def)             Requested size: 218.51521pt x 96.66154pt.
 [14 <./images/ampOp_polos.png> <./images/ampOp_zeros.png>]
<images/operacoes_basicas.png, id=598, 623.32875pt x 373.395pt>
File: images/operacoes_basicas.png Graphic file (type png)
<use images/operacoes_basicas.png>
Package pdftex.def Info: images/operacoes_basicas.png  used on input line 557.
(pdftex.def)             Requested size: 218.51521pt x 130.90102pt.
<images/operacao_ponto_a_ponto.png, id=599, 623.32875pt x 197.23688pt>
File: images/operacao_ponto_a_ponto.png Graphic file (type png)
<use images/operacao_ponto_a_ponto.png>
Package pdftex.def Info: images/operacao_ponto_a_ponto.png  used on input line 
563.
(pdftex.def)             Requested size: 218.51521pt x 69.14528pt.
<images/duvida.jpg, id=600, 903.375pt x 677.53125pt>
File: images/duvida.jpg Graphic file (type jpg)
<use images/duvida.jpg>
Package pdftex.def Info: images/duvida.jpg  used on input line 574.
(pdftex.def)             Requested size: 218.51521pt x 163.88243pt.
<images/pic.png, id=601, 803.0pt x 359.3425pt>
File: images/pic.png Graphic file (type png)
<use images/pic.png>
Package pdftex.def Info: images/pic.png  used on input line 580.
(pdftex.def)             Requested size: 218.51521pt x 97.78592pt.
 [15 <./images/if_else.png> <./images/switch.png> <./images/for_loop.png> <./im
ages/while_loop.png> <./images/evita_loop.png> <./images/operacoes_basicas.png>
 <./images/operacao_ponto_a_ponto.png>] [16 <./images/duvida.jpg> <./images/pic
.png>]
Cap\'{\i }tulo 2.
<images/sinal_continuo.png, id=620, 145.5036pt x 95.6373pt>
File: images/sinal_continuo.png Graphic file (type png)
<use images/sinal_continuo.png>
Package pdftex.def Info: images/sinal_continuo.png  used on input line 594.
(pdftex.def)             Requested size: 218.51521pt x 143.62921pt.
LaTeX Font Info:    External font `lmex10' loaded for size
(Font)              <10> on input line 595.
LaTeX Font Info:    External font `lmex10' loaded for size
(Font)              <7> on input line 595.
LaTeX Font Info:    External font `lmex10' loaded for size
(Font)              <5> on input line 595.
<images/sinal_amostrado.png, id=621, 145.5036pt x 103.587pt>
File: images/sinal_amostrado.png Graphic file (type png)
<use images/sinal_amostrado.png>
Package pdftex.def Info: images/sinal_amostrado.png  used on input line 601.
(pdftex.def)             Requested size: 218.51521pt x 155.5682pt.
<images/sinal_discreto.png, id=622, 145.5036pt x 103.587pt>
File: images/sinal_discreto.png Graphic file (type png)
<use images/sinal_discreto.png>
Package pdftex.def Info: images/sinal_discreto.png  used on input line 608.
(pdftex.def)             Requested size: 218.51521pt x 155.5682pt.
<images/sinal_digital2.png, id=623, 145.5036pt x 103.587pt>
File: images/sinal_digital2.png Graphic file (type png)
<use images/sinal_digital2.png>
Package pdftex.def Info: images/sinal_digital2.png  used on input line 615.
(pdftex.def)             Requested size: 218.51521pt x 155.5682pt.
<images/sinal_amostrado2.png, id=624, 145.5036pt x 103.587pt>
File: images/sinal_amostrado2.png Graphic file (type png)
<use images/sinal_amostrado2.png>
Package pdftex.def Info: images/sinal_amostrado2.png  used on input line 623.
(pdftex.def)             Requested size: 218.51521pt x 155.5682pt.
<images/sinal_amostrado3.png, id=625, 145.5036pt x 103.587pt>
File: images/sinal_amostrado3.png Graphic file (type png)
<use images/sinal_amostrado3.png>
Package pdftex.def Info: images/sinal_amostrado3.png  used on input line 629.
(pdftex.def)             Requested size: 218.51521pt x 155.5682pt.
<images/sinal_digital.png, id=626, 145.5036pt x 103.587pt>
File: images/sinal_digital.png Graphic file (type png)
<use images/sinal_digital.png>
Package pdftex.def Info: images/sinal_digital.png  used on input line 635.
(pdftex.def)             Requested size: 218.51521pt x 155.5682pt.
[17

]
Overfull \vbox (55.0784pt too high) has occurred while \output is active []


[18 <./images/sinal_continuo.png> <./images/sinal_amostrado.png> <./images/sina
l_discreto.png> <./images/sinal_digital2.png> <./images/sinal_amostrado2.png> <
./images/sinal_amostrado3.png> <./images/sinal_digital.png>]
<images/chave_amostragem.png, id=646, 167.37732pt x 41.04936pt>
File: images/chave_amostragem.png Graphic file (type png)
<use images/chave_amostragem.png>
Package pdftex.def Info: images/chave_amostragem.png  used on input line 662.
(pdftex.def)             Requested size: 218.51521pt x 53.59149pt.
<images/trem_impulsos.png, id=647, 101.75616pt x 43.94016pt>
File: images/trem_impulsos.png Graphic file (type png)
<use images/trem_impulsos.png>
Package pdftex.def Info: images/trem_impulsos.png  used on input line 668.
(pdftex.def)             Requested size: 218.51521pt x 94.3642pt.
<images/modular_amostragem.png, id=648, 170.99081pt x 81.6651pt>
File: images/modular_amostragem.png Graphic file (type png)
<use images/modular_amostragem.png>
Package pdftex.def Info: images/modular_amostragem.png  used on input line 674.

(pdftex.def)             Requested size: 218.51521pt x 104.36522pt.
<images/sinal_amostrado_distancia.png, id=649, 334.17648pt x 96.55272pt>
File: images/sinal_amostrado_distancia.png Graphic file (type png)
<use images/sinal_amostrado_distancia.png>
Package pdftex.def Info: images/sinal_amostrado_distancia.png  used on input li
ne 681.
(pdftex.def)             Requested size: 218.51521pt x 63.13567pt.
<images/impulso_unitario.png, id=650, 167.9073pt x 92.9874pt>
File: images/impulso_unitario.png Graphic file (type png)
<use images/impulso_unitario.png>
Package pdftex.def Info: images/impulso_unitario.png  used on input line 687.
(pdftex.def)             Requested size: 218.51521pt x 121.01413pt.
<images/sistema.png, id=651, 138.9993pt x 35.6532pt>
File: images/sistema.png Graphic file (type png)
<use images/sistema.png>
Package pdftex.def Info: images/sistema.png  used on input line 693.
(pdftex.def)             Requested size: 218.51521pt x 56.05449pt.
 [19{C:/Users/engma/AppData/Local/Programs/MiKTeX/fonts/enc/dvips/lm/lm-mathex.
enc}] [20 <./images/chave_amostragem.png> <./images/trem_impulsos.png> <./image
s/modular_amostragem.png> <./images/sinal_amostrado_distancia.png> <./images/im
pulso_unitario.png> <./images/sistema.png>]

! LaTeX Error: Unknown graphics extension: .webp.

See the LaTeX manual or LaTeX Companion for explanation.
Type  H <return>  for immediate help.
 ...                                              
                                                  
l.729 ...h=\textwidth]{images/joseph_fourier.webp}
                                                  
Try typing  <return>  to proceed.
If that doesn't work, type  X <return>  to quit.

<images/espectro_limitado.png, id=679, 169.54543pt x 74.87172pt>
File: images/espectro_limitado.png Graphic file (type png)
<use images/espectro_limitado.png>
Package pdftex.def Info: images/espectro_limitado.png  used on input line 736.
(pdftex.def)             Requested size: 218.51521pt x 96.50378pt.
<images/espectro_sinal_amostrado.png, id=680, 334.17648pt x 96.55272pt>
File: images/espectro_sinal_amostrado.png Graphic file (type png)
<use images/espectro_sinal_amostrado.png>
Package pdftex.def Info: images/espectro_sinal_amostrado.png  used on input lin
e 742.
(pdftex.def)             Requested size: 218.51521pt x 63.13567pt.
<images/sinal_exp_cos.png, id=682, 421.575pt x 316.18124pt>
File: images/sinal_exp_cos.png Graphic file (type png)
<use images/sinal_exp_cos.png>
Package pdftex.def Info: images/sinal_exp_cos.png  used on input line 755.
(pdftex.def)             Requested size: 218.51521pt x 163.88931pt.
<images/espectro_sinal_exp_cos.png, id=683, 421.575pt x 316.18124pt>
File: images/espectro_sinal_exp_cos.png Graphic file (type png)
<use images/espectro_sinal_exp_cos.png>
Package pdftex.def Info: images/espectro_sinal_exp_cos.png  used on input line 
761.
(pdftex.def)             Requested size: 218.51521pt x 163.88931pt.
<images/espectro_sinal_exp_cos2.png, id=684, 421.62318pt x 316.25352pt>
File: images/espectro_sinal_exp_cos2.png Graphic file (type png)
<use images/espectro_sinal_exp_cos2.png>
Package pdftex.def Info: images/espectro_sinal_exp_cos2.png  used on input line
 767.
(pdftex.def)             Requested size: 218.51521pt x 163.90747pt.
[21 <./images/espectro_limitado.png> <./images/espectro_sinal_amostrado.png>]
<images/teorema_nyquist.png, id=698, 334.17648pt x 96.55272pt>
File: images/teorema_nyquist.png Graphic file (type png)
<use images/teorema_nyquist.png>
Package pdftex.def Info: images/teorema_nyquist.png  used on input line 785.
(pdftex.def)             Requested size: 218.51521pt x 63.13567pt.
<images/espectro_sinal_amostrado2.png, id=699, 334.17648pt x 96.55272pt>
File: images/espectro_sinal_amostrado2.png Graphic file (type png)
<use images/espectro_sinal_amostrado2.png>
Package pdftex.def Info: images/espectro_sinal_amostrado2.png  used on input li
ne 792.
(pdftex.def)             Requested size: 218.51521pt x 63.13567pt.
<images/espectro_sinal_amostrado3.png, id=700, 334.17648pt x 96.55272pt>
File: images/espectro_sinal_amostrado3.png Graphic file (type png)
<use images/espectro_sinal_amostrado3.png>
Package pdftex.def Info: images/espectro_sinal_amostrado3.png  used on input li
ne 798.
(pdftex.def)             Requested size: 218.51521pt x 63.13567pt.
<images/espectro_sinal_amostrado4.png, id=701, 334.17648pt x 96.55272pt>
File: images/espectro_sinal_amostrado4.png Graphic file (type png)
<use images/espectro_sinal_amostrado4.png>
Package pdftex.def Info: images/espectro_sinal_amostrado4.png  used on input li
ne 805.
(pdftex.def)             Requested size: 218.51521pt x 63.13567pt.
<images/espectro_sinal_amostrado4_filtro.png, id=702, 334.17648pt x 96.55272pt>

File: images/espectro_sinal_amostrado4_filtro.png Graphic file (type png)
<use images/espectro_sinal_amostrado4_filtro.png>
Package pdftex.def Info: images/espectro_sinal_amostrado4_filtro.png  used on i
nput line 812.
(pdftex.def)             Requested size: 218.51521pt x 63.13567pt.
<images/espectro_sinal_amostrado_filtro.png, id=703, 334.32101pt x 96.40817pt>
File: images/espectro_sinal_amostrado_filtro.png Graphic file (type png)
<use images/espectro_sinal_amostrado_filtro.png>
Package pdftex.def Info: images/espectro_sinal_amostrado_filtro.png  used on in
put line 818.
(pdftex.def)             Requested size: 218.51521pt x 63.01466pt.

[22 <./images/sinal_exp_cos.png (PNG copy)> <./images/espectro_sinal_exp_cos.pn
g (PNG copy)> <./images/espectro_sinal_exp_cos2.png>]
<images/cossenoide.png, id=714, 556.32843pt x 316.18124pt>
File: images/cossenoide.png Graphic file (type png)
<use images/cossenoide.png>
Package pdftex.def Info: images/cossenoide.png  used on input line 831.
(pdftex.def)             Requested size: 218.51521pt x 124.19307pt.
<images/cossenoide_amostragem_2fm.png, id=715, 557.08125pt x 316.18124pt>
File: images/cossenoide_amostragem_2fm.png Graphic file (type png)
<use images/cossenoide_amostragem_2fm.png>
Package pdftex.def Info: images/cossenoide_amostragem_2fm.png  used on input li
ne 837.
(pdftex.def)             Requested size: 218.51521pt x 124.0194pt.
<images/cossenoide_amostras_2fm.png, id=716, 555.57562pt x 316.18124pt>
File: images/cossenoide_amostras_2fm.png Graphic file (type png)
<use images/cossenoide_amostras_2fm.png>
Package pdftex.def Info: images/cossenoide_amostras_2fm.png  used on input line
 843.
(pdftex.def)             Requested size: 218.51521pt x 124.3571pt.
<images/cossenoide_amostragem_1-5fm.png, id=717, 557.83406pt x 316.18124pt>
File: images/cossenoide_amostragem_1-5fm.png Graphic file (type png)
<use images/cossenoide_amostragem_1-5fm.png>
Package pdftex.def Info: images/cossenoide_amostragem_1-5fm.png  used on input 
line 850.
(pdftex.def)             Requested size: 218.51521pt x 123.85535pt.
<images/cossenoide_amostragem_1-5fm_rec.png, id=718, 557.83406pt x 316.18124pt>

File: images/cossenoide_amostragem_1-5fm_rec.png Graphic file (type png)
<use images/cossenoide_amostragem_1-5fm_rec.png>
Package pdftex.def Info: images/cossenoide_amostragem_1-5fm_rec.png  used on in
put line 856.
(pdftex.def)             Requested size: 218.51521pt x 123.85535pt.
<images/cossenoide_amostragem_1-5fm_rec2.png, id=719, 558.58687pt x 316.18124pt
>
File: images/cossenoide_amostragem_1-5fm_rec2.png Graphic file (type png)
<use images/cossenoide_amostragem_1-5fm_rec2.png>
Package pdftex.def Info: images/cossenoide_amostragem_1-5fm_rec2.png  used on i
nput line 862.
(pdftex.def)             Requested size: 218.51521pt x 123.6865pt.
 [23 <./images/teorema_nyquist.png> <./images/espectro_sinal_amostrado2.png> <.
/images/espectro_sinal_amostrado3.png> <./images/espectro_sinal_amostrado4.png>
 <./images/espectro_sinal_amostrado4_filtro.png> <./images/espectro_sinal_amost
rado_filtro.png>] [24 <./images/cossenoide.png (PNG copy)> <./images/cossenoide
_amostragem_2fm.png (PNG copy)> <./images/cossenoide_amostras_2fm.png (PNG copy
)> <./images/cossenoide_amostragem_1-5fm.png (PNG copy)> <./images/cossenoide_a
mostragem_1-5fm_rec.png (PNG copy)> <./images/cossenoide_amostragem_1-5fm_rec2.
png (PNG copy)>]
<images/AD_DA_reconstrucao_ideal.png, id=738, 175.3752pt x 48.6618pt>
File: images/AD_DA_reconstrucao_ideal.png Graphic file (type png)
<use images/AD_DA_reconstrucao_ideal.png>
Package pdftex.def Info: images/AD_DA_reconstrucao_ideal.png  used on input lin
e 884.
(pdftex.def)             Requested size: 218.51521pt x 60.637pt.
<images/AD_DA_reconstrucao_zoh.png, id=739, 174.8934pt x 52.5162pt>
File: images/AD_DA_reconstrucao_zoh.png Graphic file (type png)
<use images/AD_DA_reconstrucao_zoh.png>
Package pdftex.def Info: images/AD_DA_reconstrucao_zoh.png  used on input line 
890.
(pdftex.def)             Requested size: 218.51521pt x 65.61543pt.
<images/zoh.png, id=740, 221.628pt x 105.2733pt>
File: images/zoh.png Graphic file (type png)
<use images/zoh.png>
Package pdftex.def Info: images/zoh.png  used on input line 896.
(pdftex.def)             Requested size: 218.51521pt x 103.7952pt.
<images/sinc.png, id=741, 168.3891pt x 92.5056pt>
File: images/sinc.png Graphic file (type png)
<use images/sinc.png>
Package pdftex.def Info: images/sinc.png  used on input line 903.
(pdftex.def)             Requested size: 218.51521pt x 120.05118pt.
<images/filtro_passa_baixa.png, id=742, 348.77502pt x 116.64378pt>
File: images/filtro_passa_baixa.png Graphic file (type png)
<use images/filtro_passa_baixa.png>
Package pdftex.def Info: images/filtro_passa_baixa.png  used on input line 909.

(pdftex.def)             Requested size: 218.51521pt x 73.08015pt.
<images/espectro_sinal_amostrado_filtro_recuperado.png, id=743, 334.17648pt x 9
2.79468pt>
File: images/espectro_sinal_amostrado_filtro_recuperado.png Graphic file (type 
png)
<use images/espectro_sinal_amostrado_filtro_recuperado.png>
Package pdftex.def Info: images/espectro_sinal_amostrado_filtro_recuperado.png 
 used on input line 915.
(pdftex.def)             Requested size: 218.51521pt x 60.67828pt.
 [25]
<images/rec_cossenoide1.png, id=753, 421.575pt x 316.18124pt>
File: images/rec_cossenoide1.png Graphic file (type png)
<use images/rec_cossenoide1.png>
Package pdftex.def Info: images/rec_cossenoide1.png  used on input line 928.
(pdftex.def)             Requested size: 218.51521pt x 163.88931pt.
<images/rec_cossenoide2.png, id=754, 421.575pt x 316.18124pt>
File: images/rec_cossenoide2.png Graphic file (type png)
<use images/rec_cossenoide2.png>
Package pdftex.def Info: images/rec_cossenoide2.png  used on input line 934.
(pdftex.def)             Requested size: 218.51521pt x 163.88931pt.
<images/rec_cossenoide3.png, id=755, 421.575pt x 316.18124pt>
File: images/rec_cossenoide3.png Graphic file (type png)
<use images/rec_cossenoide3.png>
Package pdftex.def Info: images/rec_cossenoide3.png  used on input line 940.
(pdftex.def)             Requested size: 218.51521pt x 163.88931pt.
<images/rec_cossenoide4.png, id=756, 421.575pt x 316.18124pt>
File: images/rec_cossenoide4.png Graphic file (type png)
<use images/rec_cossenoide4.png>
Package pdftex.def Info: images/rec_cossenoide4.png  used on input line 946.
(pdftex.def)             Requested size: 218.51521pt x 163.88931pt.
<images/rec_cossenoide5.png, id=757, 421.575pt x 316.18124pt>
File: images/rec_cossenoide5.png Graphic file (type png)
<use images/rec_cossenoide5.png>
Package pdftex.def Info: images/rec_cossenoide5.png  used on input line 953.
(pdftex.def)             Requested size: 218.51521pt x 163.88931pt.
<images/rec_cossenoide6.png, id=758, 421.575pt x 316.18124pt>
File: images/rec_cossenoide6.png Graphic file (type png)
<use images/rec_cossenoide6.png>
Package pdftex.def Info: images/rec_cossenoide6.png  used on input line 959.
(pdftex.def)             Requested size: 218.51521pt x 163.88931pt.
<images/rec_cossenoide_ZOH2.png, id=759, 641.39626pt x 316.18124pt>
File: images/rec_cossenoide_ZOH2.png Graphic file (type png)
<use images/rec_cossenoide_ZOH2.png>
Package pdftex.def Info: images/rec_cossenoide_ZOH2.png  used on input line 965
.
(pdftex.def)             Requested size: 218.51521pt x 107.7173pt.

[26 <./images/AD_DA_reconstrucao_ideal.png> <./images/AD_DA_reconstrucao_zoh.pn
g> <./images/zoh.png> <./images/sinc.png> <./images/filtro_passa_baixa.png> <./
images/espectro_sinal_amostrado_filtro_recuperado.png>]
Overfull \vbox (45.79082pt too high) has occurred while \output is active []


[27 <./images/rec_cossenoide1.png (PNG copy)> <./images/rec_cossenoide2.png (PN
G copy)> <./images/rec_cossenoide3.png (PNG copy)> <./images/rec_cossenoide4.pn
g (PNG copy)> <./images/rec_cossenoide5.png (PNG copy)> <./images/rec_cossenoid
e6.png (PNG copy)> <./images/rec_cossenoide_ZOH2.png (PNG copy)>]
Package hyperref Info: bookmark level for unknown lstlisting defaults to 0 on i
nput line 975.
LaTeX Font Info:    Trying to load font information for T1+lmtt on input line 9
75.

(C:\Users\engma\AppData\Local\Programs\MiKTeX\tex/latex/lm\t1lmtt.fd
File: t1lmtt.fd 2015/05/01 v1.6.1 Font defs for Latin Modern
)
Package microtype Info: Loading generic protrusion settings for font family
(microtype)             `lmtt' (encoding: T1).
(microtype)             For optimal results, create family-specific settings.
(microtype)             See the microtype manual for details.
 [28]
Cap\'{\i }tulo 3.
<images/sequencia_sinal.png, id=818, 145.5036pt x 103.587pt>
File: images/sequencia_sinal.png Graphic file (type png)
<use images/sequencia_sinal.png>
Package pdftex.def Info: images/sequencia_sinal.png  used on input line 1031.
(pdftex.def)             Requested size: 218.51521pt x 155.5682pt.
<images/modular_amostragem2.png, id=819, 168.3891pt x 81.6651pt>
File: images/modular_amostragem2.png Graphic file (type png)
<use images/modular_amostragem2.png>
Package pdftex.def Info: images/modular_amostragem2.png  used on input line 103
8.
(pdftex.def)             Requested size: 218.51521pt x 105.98267pt.
[29

 <./images/sequencia_sinal.png> <./images/modular_amostragem2.png>]
<images/ROC_ztrans.png, id=831, 175.6161pt x 139.9629pt>
File: images/ROC_ztrans.png Graphic file (type png)
<use images/ROC_ztrans.png>
Package pdftex.def Info: images/ROC_ztrans.png  used on input line 1055.
(pdftex.def)             Requested size: 218.51521pt x 174.15872pt.
<images/ROC_ztrans0.png, id=832, 153.9351pt x 139.9629pt>
File: images/ROC_ztrans0.png Graphic file (type png)
<use images/ROC_ztrans0.png>
Package pdftex.def Info: images/ROC_ztrans0.png  used on input line 1061.
(pdftex.def)             Requested size: 218.51521pt x 198.69745pt.
<images/ROC_ztrans1.png, id=833, 153.9351pt x 139.9629pt>
File: images/ROC_ztrans1.png Graphic file (type png)
<use images/ROC_ztrans1.png>
Package pdftex.def Info: images/ROC_ztrans1.png  used on input line 1067.
(pdftex.def)             Requested size: 218.51521pt x 198.69745pt.
<images/ROC_ztrans_a.png, id=834, 153.9351pt x 139.9629pt>
File: images/ROC_ztrans_a.png Graphic file (type png)
<use images/ROC_ztrans_a.png>
Package pdftex.def Info: images/ROC_ztrans_a.png  used on input line 1073.
(pdftex.def)             Requested size: 218.51521pt x 198.69745pt.
 [30 <./images/ROC_ztrans.png> <./images/ROC_ztrans0.png> <./images/ROC_ztrans1
.png> <./images/ROC_ztrans_a.png>]
<images/degrau_unitario.png, id=849, 175.6161pt x 89.8557pt>
File: images/degrau_unitario.png Graphic file (type png)
<use images/degrau_unitario.png>
Package pdftex.def Info: images/degrau_unitario.png  used on input line 1108.
(pdftex.def)             Requested size: 218.51521pt x 111.80928pt.
<images/degrau_unitario_discreto.png, id=850, 441.14813pt x 202.50656pt>
File: images/degrau_unitario_discreto.png Graphic file (type png)
<use images/degrau_unitario_discreto.png>
Package pdftex.def Info: images/degrau_unitario_discreto.png  used on input lin
e 1114.
(pdftex.def)             Requested size: 218.51521pt x 100.30748pt.
<images/exponencial_discreta.png, id=851, 545.03625pt x 316.18124pt>
File: images/exponencial_discreta.png Graphic file (type png)
<use images/exponencial_discreta.png>
Package pdftex.def Info: images/exponencial_discreta.png  used on input line 11
21.
(pdftex.def)             Requested size: 218.51521pt x 126.75972pt.
 [31 <./images/degrau_unitario.png> <./images/degrau_unitario_discreto.png (PNG
 copy)> <./images/exponencial_discreta.png (PNG copy)>] [32]
Cap\'{\i }tulo 4.
File: images/sistema.png Graphic file (type png)
<use images/sistema.png>
Package pdftex.def Info: images/sistema.png  used on input line 1172.
(pdftex.def)             Requested size: 218.51521pt x 56.05449pt.
<images/planta.png, id=873, 127.9179pt x 49.6254pt>
File: images/planta.png Graphic file (type png)
<use images/planta.png>
Package pdftex.def Info: images/planta.png  used on input line 1178.
(pdftex.def)             Requested size: 218.51521pt x 84.77925pt.
<images/circuito_RLC.png, id=874, 197.73071pt x 89.03664pt>
File: images/circuito_RLC.png Graphic file (type png)
<use images/circuito_RLC.png>
Package pdftex.def Info: images/circuito_RLC.png  used on input line 1184.
(pdftex.def)             Requested size: 218.51521pt x 98.40114pt.
<images/edo_approach.png, id=877, 219.12263pt x 92.36105pt>
File: images/edo_approach.png Graphic file (type png)
<use images/edo_approach.png>
Package pdftex.def Info: images/edo_approach.png  used on input line 1196.
(pdftex.def)             Requested size: 386.96027pt x 163.12527pt.
[33

 <./images/planta.png> <./images/circuito_RLC.png>]
<images/impulse_invariance.png, id=889, 93.80646pt x 65.043pt>
File: images/impulse_invariance.png Graphic file (type png)
<use images/impulse_invariance.png>
Package pdftex.def Info: images/impulse_invariance.png  used on input line 1223
.
(pdftex.def)             Requested size: 218.51521pt x 151.52708pt.
<images/degrau_invariance.png, id=890, 109.56133pt x 61.28496pt>
File: images/degrau_invariance.png Graphic file (type png)
<use images/degrau_invariance.png>
Package pdftex.def Info: images/degrau_invariance.png  used on input line 1229.

(pdftex.def)             Requested size: 218.51521pt x 122.24512pt.
<images/step_invariance.png, id=891, 98.0463pt x 65.2839pt>
File: images/step_invariance.png Graphic file (type png)
<use images/step_invariance.png>
Package pdftex.def Info: images/step_invariance.png  used on input line 1235.
(pdftex.def)             Requested size: 218.51521pt x 145.51968pt.
<images/resposta_impulso.png, id=892, 139.77019pt x 65.47662pt>
File: images/resposta_impulso.png Graphic file (type png)
<use images/resposta_impulso.png>
Package pdftex.def Info: images/resposta_impulso.png  used on input line 1242.
(pdftex.def)             Requested size: 218.51521pt x 102.3679pt.
<images/resposta_degrau.png, id=893, 136.5903pt x 69.3792pt>
File: images/resposta_degrau.png Graphic file (type png)
<use images/resposta_degrau.png>
Package pdftex.def Info: images/resposta_degrau.png  used on input line 1248.
(pdftex.def)             Requested size: 218.51521pt x 111.00049pt.
<images/2nd_sys_zoh.png, id=894, 421.575pt x 316.18124pt>
File: images/2nd_sys_zoh.png Graphic file (type png)
<use images/2nd_sys_zoh.png>
Package pdftex.def Info: images/2nd_sys_zoh.png  used on input line 1254.
(pdftex.def)             Requested size: 218.51521pt x 163.88931pt.
<images/2nd_sys_tustin.png, id=895, 421.575pt x 316.18124pt>
File: images/2nd_sys_tustin.png Graphic file (type png)
<use images/2nd_sys_tustin.png>
Package pdftex.def Info: images/2nd_sys_tustin.png  used on input line 1260.
(pdftex.def)             Requested size: 218.51521pt x 163.88931pt.
 [34 <./images/edo_approach.png>]
Overfull \vbox (4.74214pt too high) has occurred while \output is active []


[35 <./images/impulse_invariance.png> <./images/degrau_invariance.png> <./image
s/step_invariance.png> <./images/resposta_impulso.png> <./images/resposta_degra
u.png> <./images/2nd_sys_zoh.png (PNG copy)> <./images/2nd_sys_tustin.png (PNG 
copy)>]
<images/integracao_numerica_forwad.png, id=916, 129.07422pt x 98.86536pt>
File: images/integracao_numerica_forwad.png Graphic file (type png)
<use images/integracao_numerica_forwad.png>
Package pdftex.def Info: images/integracao_numerica_forwad.png  used on input l
ine 1274.
(pdftex.def)             Requested size: 218.51521pt x 167.38698pt.
<images/integracao_numerica_backward.png, id=917, 129.07422pt x 98.86536pt>
File: images/integracao_numerica_backward.png Graphic file (type png)
<use images/integracao_numerica_backward.png>
Package pdftex.def Info: images/integracao_numerica_backward.png  used on input
 line 1280.
(pdftex.def)             Requested size: 218.51521pt x 167.38698pt.
<images/integracao_numerica_tustin.png, id=918, 129.07422pt x 98.86536pt>
File: images/integracao_numerica_tustin.png Graphic file (type png)
<use images/integracao_numerica_tustin.png>
Package pdftex.def Info: images/integracao_numerica_tustin.png  used on input l
ine 1286.
(pdftex.def)             Requested size: 218.51521pt x 167.38698pt.
 [36 <./images/integracao_numerica_forwad.png> <./images/integracao_numerica_ba
ckward.png> <./images/integracao_numerica_tustin.png>]
<images/PRBS.png, id=931, 895.09406pt x 316.18124pt>
File: images/PRBS.png Graphic file (type png)
<use images/PRBS.png>
Package pdftex.def Info: images/PRBS.png  used on input line 1326.
(pdftex.def)             Requested size: 218.51521pt x 77.18767pt.
<images/espectro_prbs.png, id=932, 858.95906pt x 316.18124pt>
File: images/espectro_prbs.png Graphic file (type png)
<use images/espectro_prbs.png>
Package pdftex.def Info: images/espectro_prbs.png  used on input line 1332.
(pdftex.def)             Requested size: 218.51521pt x 80.43457pt.
 [37 <./images/PRBS.png (PNG copy)> <./images/espectro_prbs.png (PNG copy)>] [3
8]
Cap\'{\i }tulo 5.
<images/estabilidade_s.png, id=983, 344.487pt x 350.2686pt>
File: images/estabilidade_s.png Graphic file (type png)
<use images/estabilidade_s.png>
Package pdftex.def Info: images/estabilidade_s.png  used on input line 1404.
(pdftex.def)             Requested size: 218.51521pt x 222.18292pt.
<images/estabilidade_z.png, id=984, 342.3189pt x 350.2686pt>
File: images/estabilidade_z.png Graphic file (type png)
<use images/estabilidade_z.png>
Package pdftex.def Info: images/estabilidade_z.png  used on input line 1411.
(pdftex.def)             Requested size: 218.51521pt x 223.58856pt.
<images/plano_s_plano_z.png, id=985, 731.3724pt x 350.2686pt>
File: images/plano_s_plano_z.png Graphic file (type png)
<use images/plano_s_plano_z.png>
Package pdftex.def Info: images/plano_s_plano_z.png  used on input line 1418.
(pdftex.def)             Requested size: 218.51521pt x 104.64847pt.
[39

]
<images/plano_s_plano_z_SPE.png, id=994, 731.3724pt x 350.2686pt>
File: images/plano_s_plano_z_SPE.png Graphic file (type png)
<use images/plano_s_plano_z_SPE.png>
Package pdftex.def Info: images/plano_s_plano_z_SPE.png  used on input line 142
9.
(pdftex.def)             Requested size: 218.51521pt x 104.64847pt.
<images/plano_s_plano_z_SPD.png, id=995, 731.3724pt x 350.2686pt>
File: images/plano_s_plano_z_SPD.png Graphic file (type png)
<use images/plano_s_plano_z_SPD.png>
Package pdftex.def Info: images/plano_s_plano_z_SPD.png  used on input line 143
5.
(pdftex.def)             Requested size: 218.51521pt x 104.64847pt.
<images/plano_s_plano_z_jw.png, id=996, 731.3724pt x 350.2686pt>
File: images/plano_s_plano_z_jw.png Graphic file (type png)
<use images/plano_s_plano_z_jw.png>
Package pdftex.def Info: images/plano_s_plano_z_jw.png  used on input line 1441
.
(pdftex.def)             Requested size: 218.51521pt x 104.64847pt.
<images/plano_s_plano_z_faixa_princ.png, id=997, 731.3724pt x 350.2686pt>
File: images/plano_s_plano_z_faixa_princ.png Graphic file (type png)
<use images/plano_s_plano_z_faixa_princ.png>
Package pdftex.def Info: images/plano_s_plano_z_faixa_princ.png  used on input 
line 1447.
(pdftex.def)             Requested size: 218.51521pt x 104.64847pt.
 [40 <./images/estabilidade_s.png> <./images/estabilidade_z.png> <./images/plan
o_s_plano_z.png>]
<images/map_plano_s_euler_forwar.png, id=1006, 731.3724pt x 361.49454pt>
File: images/map_plano_s_euler_forwar.png Graphic file (type png)
<use images/map_plano_s_euler_forwar.png>
Package pdftex.def Info: images/map_plano_s_euler_forwar.png  used on input lin
e 1461.
(pdftex.def)             Requested size: 218.51521pt x 108.0024pt.
<images/map_plano_s_euler_backward.png, id=1007, 731.3724pt x 361.49454pt>
File: images/map_plano_s_euler_backward.png Graphic file (type png)
<use images/map_plano_s_euler_backward.png>
Package pdftex.def Info: images/map_plano_s_euler_backward.png  used on input l
ine 1467.
(pdftex.def)             Requested size: 218.51521pt x 108.0024pt.
<images/map_plano_s_tustin.png, id=1008, 731.3724pt x 361.49454pt>
File: images/map_plano_s_tustin.png Graphic file (type png)
<use images/map_plano_s_tustin.png>
Package pdftex.def Info: images/map_plano_s_tustin.png  used on input line 1473
.
(pdftex.def)             Requested size: 218.51521pt x 108.0024pt.
<images/map_plano_w.png, id=1009, 731.3724pt x 361.49454pt>
File: images/map_plano_w.png Graphic file (type png)
<use images/map_plano_w.png>
Package pdftex.def Info: images/map_plano_w.png  used on input line 1479.
(pdftex.def)             Requested size: 218.51521pt x 108.0024pt.

Overfull \hbox (48.87674pt too wide) has occurred while \output is active
\T1/lmr/m/sl/10.95 5.2.  EFEITO ESTABILIZADOR NOS MAPEAMENTOS DAS APROXIMA«’ES 
DE INTEGRA«√O \T1/lmr/m/n/10.95 41
 []

[41 <./images/plano_s_plano_z_SPE.png> <./images/plano_s_plano_z_SPD.png> <./im
ages/plano_s_plano_z_jw.png> <./images/plano_s_plano_z_faixa_princ.png>]
<images/map0.png, id=1020, 903.375pt x 376.2858pt>
File: images/map0.png Graphic file (type png)
<use images/map0.png>
Package pdftex.def Info: images/map0.png  used on input line 1493.
(pdftex.def)             Requested size: 218.51521pt x 91.01665pt.
<images/map1.png, id=1021, 903.375pt x 376.2858pt>
File: images/map1.png Graphic file (type png)
<use images/map1.png>
Package pdftex.def Info: images/map1.png  used on input line 1499.
(pdftex.def)             Requested size: 218.51521pt x 91.01665pt.
<images/map2.png, id=1022, 903.375pt x 376.2858pt>
File: images/map2.png Graphic file (type png)
<use images/map2.png>
Package pdftex.def Info: images/map2.png  used on input line 1505.
(pdftex.def)             Requested size: 218.51521pt x 91.01665pt.
<images/map3.png, id=1023, 903.375pt x 376.2858pt>
File: images/map3.png Graphic file (type png)
<use images/map3.png>
Package pdftex.def Info: images/map3.png  used on input line 1511.
(pdftex.def)             Requested size: 218.51521pt x 91.01665pt.
<images/map_pos0.png, id=1024, 903.375pt x 376.2858pt>
File: images/map_pos0.png Graphic file (type png)
<use images/map_pos0.png>
Package pdftex.def Info: images/map_pos0.png  used on input line 1518.
(pdftex.def)             Requested size: 218.51521pt x 91.01665pt.
<images/map_pos1.png, id=1025, 903.375pt x 376.2858pt>
File: images/map_pos1.png Graphic file (type png)
<use images/map_pos1.png>
Package pdftex.def Info: images/map_pos1.png  used on input line 1524.
(pdftex.def)             Requested size: 218.51521pt x 91.01665pt.
<images/map_pos2.png, id=1026, 903.375pt x 376.2858pt>
File: images/map_pos2.png Graphic file (type png)
<use images/map_pos2.png>
Package pdftex.def Info: images/map_pos2.png  used on input line 1530.
(pdftex.def)             Requested size: 218.51521pt x 91.01665pt.
<images/map_pos3.png, id=1027, 903.375pt x 376.2858pt>
File: images/map_pos3.png Graphic file (type png)
<use images/map_pos3.png>
Package pdftex.def Info: images/map_pos3.png  used on input line 1536.
(pdftex.def)             Requested size: 218.51521pt x 91.01665pt.

Overfull \hbox (16.7097pt too wide) has occurred while \output is active
\T1/lmr/m/sl/10.95 5.3.  INFLU NCIA DA LOCALIZA«√O DE POLOS NA RESPOSTA TEMPORA
L DISCRETA \T1/lmr/m/n/10.95 42
 []

[42 <./images/map_plano_s_euler_forwar.png> <./images/map_plano_s_euler_backwar
d.png> <./images/map_plano_s_tustin.png> <./images/map_plano_w.png>]
<images/maps_vert.png, id=1039, 1204.5pt x 501.875pt>
File: images/maps_vert.png Graphic file (type png)
<use images/maps_vert.png>
Package pdftex.def Info: images/maps_vert.png  used on input line 1549.
(pdftex.def)             Requested size: 218.51521pt x 91.04579pt.
<images/maps_vert_pos.png, id=1040, 1204.5pt x 501.875pt>
File: images/maps_vert_pos.png Graphic file (type png)
<use images/maps_vert_pos.png>
Package pdftex.def Info: images/maps_vert_pos.png  used on input line 1555.
(pdftex.def)             Requested size: 218.51521pt x 91.04579pt.
<images/zgrid0.png, id=1041, 767.11594pt x 517.18219pt>
File: images/zgrid0.png Graphic file (type png)
<use images/zgrid0.png>
Package pdftex.def Info: images/zgrid0.png  used on input line 1561.
(pdftex.def)             Requested size: 218.51521pt x 147.31953pt.
<images/zgrid00.png, id=1042, 767.21832pt x 517.30865pt>
File: images/zgrid00.png Graphic file (type png)
<use images/zgrid00.png>
Package pdftex.def Info: images/zgrid00.png  used on input line 1568.
(pdftex.def)             Requested size: 218.51521pt x 147.33188pt.
<images/zgrid02.png, id=1043, 767.11594pt x 517.18219pt>
File: images/zgrid02.png Graphic file (type png)
<use images/zgrid02.png>
Package pdftex.def Info: images/zgrid02.png  used on input line 1574.
(pdftex.def)             Requested size: 218.51521pt x 147.31953pt.
<images/zgrid_wn.png, id=1044, 751.30687pt x 563.85657pt>
File: images/zgrid_wn.png Graphic file (type png)
<use images/zgrid_wn.png>
Package pdftex.def Info: images/zgrid_wn.png  used on input line 1580.
(pdftex.def)             Requested size: 218.51521pt x 163.99602pt.
<images/subamortecido_step.png, id=1045, 686.565pt x 509.65407pt>
File: images/subamortecido_step.png Graphic file (type png)
<use images/subamortecido_step.png>
Package pdftex.def Info: images/subamortecido_step.png  used on input line 1586
.
(pdftex.def)             Requested size: 218.51521pt x 162.20609pt.

Overfull \hbox (16.7097pt too wide) has occurred while \output is active
\T1/lmr/m/sl/10.95 5.3.  INFLU NCIA DA LOCALIZA«√O DE POLOS NA RESPOSTA TEMPORA
L DISCRETA \T1/lmr/m/n/10.95 43
 []

[43 <./images/map0.png (PNG copy)> <./images/map1.png (PNG copy)> <./images/map
2.png (PNG copy)> <./images/map3.png (PNG copy)> <./images/map_pos0.png (PNG co
py)> <./images/map_pos1.png (PNG copy)> <./images/map_pos2.png (PNG copy)> <./i
mages/map_pos3.png (PNG copy)>]
Overfull \hbox (16.7097pt too wide) has occurred while \output is active
\T1/lmr/m/sl/10.95 5.3.  INFLU NCIA DA LOCALIZA«√O DE POLOS NA RESPOSTA TEMPORA
L DISCRETA \T1/lmr/m/n/10.95 44
 []

[44 <./images/maps_vert.png> <./images/maps_vert_pos.png> <./images/zgrid0.png 
(PNG copy)> <./images/zgrid00.png> <./images/zgrid02.png (PNG copy)> <./images/
zgrid_wn.png (PNG copy)> <./images/subamortecido_step.png (PNG copy)>]
<images/2nd_pole_wn1.png, id=1060, 903.375pt x 376.2858pt>
File: images/2nd_pole_wn1.png Graphic file (type png)
<use images/2nd_pole_wn1.png>
Package pdftex.def Info: images/2nd_pole_wn1.png  used on input line 1599.
(pdftex.def)             Requested size: 218.51521pt x 91.01665pt.
<images/2nd_pole_wn2.png, id=1061, 903.375pt x 376.2858pt>
File: images/2nd_pole_wn2.png Graphic file (type png)
<use images/2nd_pole_wn2.png>
Package pdftex.def Info: images/2nd_pole_wn2.png  used on input line 1605.
(pdftex.def)             Requested size: 218.51521pt x 91.01665pt.
<images/2nd_pole_wn3.png, id=1062, 903.375pt x 376.2858pt>
File: images/2nd_pole_wn3.png Graphic file (type png)
<use images/2nd_pole_wn3.png>
Package pdftex.def Info: images/2nd_pole_wn3.png  used on input line 1611.
(pdftex.def)             Requested size: 218.51521pt x 91.01665pt.
<images/2nd_pole_wn4.png, id=1063, 903.375pt x 376.2858pt>
File: images/2nd_pole_wn4.png Graphic file (type png)
<use images/2nd_pole_wn4.png>
Package pdftex.def Info: images/2nd_pole_wn4.png  used on input line 1617.
(pdftex.def)             Requested size: 218.51521pt x 91.01665pt.
<images/2nd_pole_wn5.png, id=1064, 903.375pt x 376.2858pt>
File: images/2nd_pole_wn5.png Graphic file (type png)
<use images/2nd_pole_wn5.png>
Package pdftex.def Info: images/2nd_pole_wn5.png  used on input line 1623.
(pdftex.def)             Requested size: 218.51521pt x 91.01665pt.
<images/2nd_pole_wn6.png, id=1065, 903.375pt x 376.2858pt>
File: images/2nd_pole_wn6.png Graphic file (type png)
<use images/2nd_pole_wn6.png>
Package pdftex.def Info: images/2nd_pole_wn6.png  used on input line 1630.
(pdftex.def)             Requested size: 218.51521pt x 91.01665pt.
<images/2nd_pole_wn7.png, id=1066, 903.375pt x 376.2858pt>
File: images/2nd_pole_wn7.png Graphic file (type png)
<use images/2nd_pole_wn7.png>
Package pdftex.def Info: images/2nd_pole_wn7.png  used on input line 1636.
(pdftex.def)             Requested size: 218.51521pt x 91.01665pt.
<images/2nd_pole_wn8.png, id=1067, 903.375pt x 376.2858pt>
File: images/2nd_pole_wn8.png Graphic file (type png)
<use images/2nd_pole_wn8.png>
Package pdftex.def Info: images/2nd_pole_wn8.png  used on input line 1642.
(pdftex.def)             Requested size: 218.51521pt x 91.01665pt.
<images/2nd_pole_wn9.png, id=1068, 903.375pt x 376.2858pt>
File: images/2nd_pole_wn9.png Graphic file (type png)
<use images/2nd_pole_wn9.png>
Package pdftex.def Info: images/2nd_pole_wn9.png  used on input line 1648.
(pdftex.def)             Requested size: 218.51521pt x 91.01665pt.
<images/2nd_pole_wn10.png, id=1069, 903.375pt x 376.2858pt>
File: images/2nd_pole_wn10.png Graphic file (type png)
<use images/2nd_pole_wn10.png>
Package pdftex.def Info: images/2nd_pole_wn10.png  used on input line 1654.
(pdftex.def)             Requested size: 218.51521pt x 91.01665pt.

Overfull \hbox (16.7097pt too wide) has occurred while \output is active
\T1/lmr/m/sl/10.95 5.3.  INFLU NCIA DA LOCALIZA«√O DE POLOS NA RESPOSTA TEMPORA
L DISCRETA \T1/lmr/m/n/10.95 45
 []

[45]
Overfull \vbox (30.50546pt too high) has occurred while \output is active []


Overfull \hbox (16.7097pt too wide) has occurred while \output is active
\T1/lmr/m/sl/10.95 5.3.  INFLU NCIA DA LOCALIZA«√O DE POLOS NA RESPOSTA TEMPORA
L DISCRETA \T1/lmr/m/n/10.95 46
 []

[46 <./images/2nd_pole_wn1.png (PNG copy)> <./images/2nd_pole_wn2.png (PNG copy
)> <./images/2nd_pole_wn3.png (PNG copy)> <./images/2nd_pole_wn4.png (PNG copy)
> <./images/2nd_pole_wn5.png (PNG copy)> <./images/2nd_pole_wn6.png (PNG copy)>
 <./images/2nd_pole_wn7.png (PNG copy)> <./images/2nd_pole_wn8.png (PNG copy)> 
<./images/2nd_pole_wn9.png (PNG copy)> <./images/2nd_pole_wn10.png (PNG copy)>]
<images/2nd_pole_xi3.png, id=1080, 903.375pt x 376.2858pt>
File: images/2nd_pole_xi3.png Graphic file (type png)
<use images/2nd_pole_xi3.png>
Package pdftex.def Info: images/2nd_pole_xi3.png  used on input line 1665.
(pdftex.def)             Requested size: 218.51521pt x 91.01665pt.
<images/2nd_pole_xi4.png, id=1081, 903.375pt x 376.2858pt>
File: images/2nd_pole_xi4.png Graphic file (type png)
<use images/2nd_pole_xi4.png>
Package pdftex.def Info: images/2nd_pole_xi4.png  used on input line 1671.
(pdftex.def)             Requested size: 218.51521pt x 91.01665pt.
<images/2nd_pole_xi5.png, id=1082, 903.375pt x 376.2858pt>
File: images/2nd_pole_xi5.png Graphic file (type png)
<use images/2nd_pole_xi5.png>
Package pdftex.def Info: images/2nd_pole_xi5.png  used on input line 1677.
(pdftex.def)             Requested size: 218.51521pt x 91.01665pt.
<images/2nd_pole_xi6.png, id=1083, 903.375pt x 376.2858pt>
File: images/2nd_pole_xi6.png Graphic file (type png)
<use images/2nd_pole_xi6.png>
Package pdftex.def Info: images/2nd_pole_xi6.png  used on input line 1683.
(pdftex.def)             Requested size: 218.51521pt x 91.01665pt.
<images/2nd_pole_xi7.png, id=1084, 903.375pt x 376.2858pt>
File: images/2nd_pole_xi7.png Graphic file (type png)
<use images/2nd_pole_xi7.png>
Package pdftex.def Info: images/2nd_pole_xi7.png  used on input line 1689.
(pdftex.def)             Requested size: 218.51521pt x 91.01665pt.
<images/2nd_pole_xi8.png, id=1085, 903.375pt x 376.2858pt>
File: images/2nd_pole_xi8.png Graphic file (type png)
<use images/2nd_pole_xi8.png>
Package pdftex.def Info: images/2nd_pole_xi8.png  used on input line 1695.
(pdftex.def)             Requested size: 218.51521pt x 91.01665pt.
<images/tabela_jury.png, id=1088, 1069.9975pt x 577.15625pt>
File: images/tabela_jury.png Graphic file (type png)
<use images/tabela_jury.png>
Package pdftex.def Info: images/tabela_jury.png  used on input line 1710.
(pdftex.def)             Requested size: 218.51521pt x 117.85985pt.
<images/tabela_jury2.png, id=1089, 1070.0778pt x 577.1964pt>
File: images/tabela_jury2.png Graphic file (type png)
<use images/tabela_jury2.png>
Package pdftex.def Info: images/tabela_jury2.png  used on input line 1717.
(pdftex.def)             Requested size: 218.51521pt x 117.85924pt.
<images/tabela_jury3.png, id=1090, 1070.0778pt x 577.1964pt>
File: images/tabela_jury3.png Graphic file (type png)
<use images/tabela_jury3.png>
Package pdftex.def Info: images/tabela_jury3.png  used on input line 1723.
(pdftex.def)             Requested size: 218.51521pt x 117.85924pt.
[47 <./images/2nd_pole_xi3.png (PNG copy)> <./images/2nd_pole_xi4.png (PNG copy
)> <./images/2nd_pole_xi5.png (PNG copy)> <./images/2nd_pole_xi6.png (PNG copy)
> <./images/2nd_pole_xi7.png (PNG copy)> <./images/2nd_pole_xi8.png (PNG copy)>
] [48 <./images/tabela_jury.png (PNG copy)> <./images/tabela_jury2.png> <./imag
es/tabela_jury3.png>]
<images/malha_controle_estabilidade_s.png, id=1108, 190.0701pt x 70.3428pt>
File: images/malha_controle_estabilidade_s.png Graphic file (type png)
<use images/malha_controle_estabilidade_s.png>
Package pdftex.def Info: images/malha_controle_estabilidade_s.png  used on inpu
t line 1777.
(pdftex.def)             Requested size: 218.51521pt x 80.87212pt.
<images/malha_controle_estabilidade_z.png, id=1109, 190.0701pt x 69.6201pt>
File: images/malha_controle_estabilidade_z.png Graphic file (type png)
<use images/malha_controle_estabilidade_z.png>
Package pdftex.def Info: images/malha_controle_estabilidade_z.png  used on inpu
t line 1783.
(pdftex.def)             Requested size: 218.51521pt x 80.04123pt.
<images/malha_controle_estabilidade_z_K.png, id=1110, 190.0701pt x 69.6201pt>
File: images/malha_controle_estabilidade_z_K.png Graphic file (type png)
<use images/malha_controle_estabilidade_z_K.png>
Package pdftex.def Info: images/malha_controle_estabilidade_z_K.png  used on in
put line 1789.
(pdftex.def)             Requested size: 218.51521pt x 80.04123pt.
 [49 <./images/malha_controle_estabilidade_s.png> <./images/malha_controle_esta
bilidade_z.png> <./images/malha_controle_estabilidade_z_K.png>]
Cap\'{\i }tulo 6.
<images/resposta_2ordem_Mp.png, id=1129, 166.65462pt x 93.37283pt>
File: images/resposta_2ordem_Mp.png Graphic file (type png)
<use images/resposta_2ordem_Mp.png>
Package pdftex.def Info: images/resposta_2ordem_Mp.png  used on input line 1816
.
(pdftex.def)             Requested size: 218.51521pt x 122.43896pt.
<images/resposta_2ordem_tp.png, id=1130, 166.65462pt x 98.86536pt>
File: images/resposta_2ordem_tp.png Graphic file (type png)
<use images/resposta_2ordem_tp.png>
Package pdftex.def Info: images/resposta_2ordem_tp.png  used on input line 1822
.
(pdftex.def)             Requested size: 218.51521pt x 129.64125pt.
<images/resposta_2ordem_tr.png, id=1131, 166.65462pt x 93.37283pt>
File: images/resposta_2ordem_tr.png Graphic file (type png)
<use images/resposta_2ordem_tr.png>
Package pdftex.def Info: images/resposta_2ordem_tr.png  used on input line 1829
.
(pdftex.def)             Requested size: 218.51521pt x 122.43896pt.
<images/resposta_2ordem_ts.png, id=1132, 166.65462pt x 93.37283pt>
File: images/resposta_2ordem_ts.png Graphic file (type png)
<use images/resposta_2ordem_ts.png>
Package pdftex.def Info: images/resposta_2ordem_ts.png  used on input line 1835
.
(pdftex.def)             Requested size: 218.51521pt x 122.43896pt.
<images/polos_dominantes.png, id=1133, 93.66193pt x 60.99588pt>
File: images/polos_dominantes.png Graphic file (type png)
<use images/polos_dominantes.png>
Package pdftex.def Info: images/polos_dominantes.png  used on input line 1842.
(pdftex.def)             Requested size: 218.51521pt x 142.3128pt.
<images/polos_dominantes_xi_wn.png, id=1134, 175.18248pt x 106.67052pt>
File: images/polos_dominantes_xi_wn.png Graphic file (type png)
<use images/polos_dominantes_xi_wn.png>
Package pdftex.def Info: images/polos_dominantes_xi_wn.png  used on input line 
1848.
(pdftex.def)             Requested size: 218.51521pt x 133.06271pt.
<images/enveloped_xi.png, id=1135, 557.4426pt x 393.1488pt>
File: images/enveloped_xi.png Graphic file (type png)
<use images/enveloped_xi.png>
Package pdftex.def Info: images/enveloped_xi.png  used on input line 1854.
(pdftex.def)             Requested size: 218.51521pt x 154.11328pt.
[50

]
Overfull \vbox (3.44778pt too high) has occurred while \output is active []


[51 <./images/resposta_2ordem_Mp.png> <./images/resposta_2ordem_tp.png> <./imag
es/resposta_2ordem_tr.png> <./images/resposta_2ordem_ts.png> <./images/polos_do
minantes.png> <./images/polos_dominantes_xi_wn.png> <./images/enveloped_xi.png 
(PNG copy)>]
<images/tipo0_degrau.png, id=1152, 421.575pt x 316.18124pt>
File: images/tipo0_degrau.png Graphic file (type png)
<use images/tipo0_degrau.png>
Package pdftex.def Info: images/tipo0_degrau.png  used on input line 1878.
(pdftex.def)             Requested size: 218.51521pt x 163.88931pt.
<images/tipo1_degrau.png, id=1153, 421.575pt x 316.18124pt>
File: images/tipo1_degrau.png Graphic file (type png)
<use images/tipo1_degrau.png>
Package pdftex.def Info: images/tipo1_degrau.png  used on input line 1884.
(pdftex.def)             Requested size: 218.51521pt x 163.88931pt.
<images/tipo2_degrau.png, id=1154, 421.575pt x 316.18124pt>
File: images/tipo2_degrau.png Graphic file (type png)
<use images/tipo2_degrau.png>
Package pdftex.def Info: images/tipo2_degrau.png  used on input line 1890.
(pdftex.def)             Requested size: 218.51521pt x 163.88931pt.
<images/tipo1_rampa.png, id=1155, 421.575pt x 316.18124pt>
File: images/tipo1_rampa.png Graphic file (type png)
<use images/tipo1_rampa.png>
Package pdftex.def Info: images/tipo1_rampa.png  used on input line 1897.
(pdftex.def)             Requested size: 218.51521pt x 163.88931pt.
<images/tipo2_rampa.png, id=1156, 421.575pt x 316.18124pt>
File: images/tipo2_rampa.png Graphic file (type png)
<use images/tipo2_rampa.png>
Package pdftex.def Info: images/tipo2_rampa.png  used on input line 1903.
(pdftex.def)             Requested size: 218.51521pt x 163.88931pt.
<images/tipo2_parabola.png, id=1157, 421.575pt x 316.18124pt>
File: images/tipo2_parabola.png Graphic file (type png)
<use images/tipo2_parabola.png>
Package pdftex.def Info: images/tipo2_parabola.png  used on input line 1909.
(pdftex.def)             Requested size: 218.51521pt x 163.88931pt.
 [52]
Overfull \vbox (101.96283pt too high) has occurred while \output is active []


[53 <./images/tipo0_degrau.png (PNG copy)> <./images/tipo1_degrau.png (PNG copy
)> <./images/tipo2_degrau.png (PNG copy)> <./images/tipo1_rampa.png (PNG copy)>
 <./images/tipo2_rampa.png (PNG copy)> <./images/tipo2_parabola.png (PNG copy)>
]
<images/boiler_control.jpg, id=1171, 773.89125pt x 435.6275pt>
File: images/boiler_control.jpg Graphic file (type jpg)
<use images/boiler_control.jpg>
Package pdftex.def Info: images/boiler_control.jpg  used on input line 1923.
(pdftex.def)             Requested size: 218.51521pt x 123.00517pt.
<images/drone_control_system.png, id=1172, 341.1144pt x 109.3686pt>
File: images/drone_control_system.png Graphic file (type png)
<use images/drone_control_system.png>
Package pdftex.def Info: images/drone_control_system.png  used on input line 19
29.
(pdftex.def)             Requested size: 218.51521pt x 70.06073pt.
<images/laser_surgery.jpg, id=1173, 863.225pt x 521.95pt>
File: images/laser_surgery.jpg Graphic file (type jpg)
<use images/laser_surgery.jpg>
Package pdftex.def Info: images/laser_surgery.jpg  used on input line 1935.
(pdftex.def)             Requested size: 218.51521pt x 132.11986pt.
<images/quadcopter.jpg, id=1174, 1284.8pt x 722.7pt>
File: images/quadcopter.jpg Graphic file (type jpg)
<use images/quadcopter.jpg>
Package pdftex.def Info: images/quadcopter.jpg  used on input line 1941.
(pdftex.def)             Requested size: 218.51521pt x 122.9125pt.
<images/projeto_c2d.png, id=1176, 186.16753pt x 105.65874pt>
File: images/projeto_c2d.png Graphic file (type png)
<use images/projeto_c2d.png>
Package pdftex.def Info: images/projeto_c2d.png  used on input line 1960.
(pdftex.def)             Requested size: 218.51521pt x 124.02325pt.
<images/projeto_path_d2d.png, id=1177, 82.53233pt x 105.5142pt>
File: images/projeto_path_d2d.png Graphic file (type png)
<use images/projeto_path_d2d.png>
Package pdftex.def Info: images/projeto_path_d2d.png  used on input line 1966.
(pdftex.def)             Requested size: 218.51521pt x 279.36497pt.
<images/malha_fechada_controle.png, id=1178, 242.1045pt x 93.4692pt>
File: images/malha_fechada_controle.png Graphic file (type png)
<use images/malha_fechada_controle.png>
Package pdftex.def Info: images/malha_fechada_controle.png  used on input line 
1972.
(pdftex.def)             Requested size: 218.51521pt x 84.36537pt.
<images/malha_controle_digital_discretizacao.png, id=1179, 219.98988pt x 89.181
18pt>
File: images/malha_controle_digital_discretizacao.png Graphic file (type png)
<use images/malha_controle_digital_discretizacao.png>
Package pdftex.def Info: images/malha_controle_digital_discretizacao.png  used 
on input line 1979.
(pdftex.def)             Requested size: 218.51521pt x 88.58492pt.
<images/malha_controle_digital_zoh.png, id=1180, 219.98988pt x 83.25504pt>
File: images/malha_controle_digital_zoh.png Graphic file (type png)
<use images/malha_controle_digital_zoh.png>
Package pdftex.def Info: images/malha_controle_digital_zoh.png  used on input l
ine 1985.
(pdftex.def)             Requested size: 218.51521pt x 82.6984pt.
<images/malha_controle_digital_em_z.png, id=1181, 220.56804pt x 83.25504pt>
File: images/malha_controle_digital_em_z.png Graphic file (type png)
<use images/malha_controle_digital_em_z.png>
Package pdftex.def Info: images/malha_controle_digital_em_z.png  used on input 
line 1991.
(pdftex.def)             Requested size: 218.51521pt x 82.48116pt.
 [54 <./images/boiler_control.jpg> <./images/drone_control_system.png> <./image
s/laser_surgery.jpg> <./images/quadcopter.jpg>] [55 <./images/projeto_c2d.png> 
<./images/projeto_path_d2d.png> <./images/malha_fechada_controle.png> <./images
/malha_controle_digital_discretizacao.png> <./images/malha_controle_digital_zoh
.png> <./images/malha_controle_digital_em_z.png>]
<images/avanco_fase_bode.png, id=1200, 657.657pt x 439.8834pt>
File: images/avanco_fase_bode.png Graphic file (type png)
<use images/avanco_fase_bode.png>
Package pdftex.def Info: images/avanco_fase_bode.png  used on input line 2005.
(pdftex.def)             Requested size: 218.51521pt x 146.15535pt.
<images/atraso_fase_bode.png, id=1201, 657.1752pt x 439.8834pt>
File: images/atraso_fase_bode.png Graphic file (type png)
<use images/atraso_fase_bode.png>
Package pdftex.def Info: images/atraso_fase_bode.png  used on input line 2011.
(pdftex.def)             Requested size: 218.51521pt x 146.26274pt.
<images/avanco_atraso_fase_bode.png, id=1202, 657.1752pt x 439.8834pt>
File: images/avanco_atraso_fase_bode.png Graphic file (type png)
<use images/avanco_atraso_fase_bode.png>
Package pdftex.def Info: images/avanco_atraso_fase_bode.png  used on input line
 2017.
(pdftex.def)             Requested size: 218.51521pt x 146.26274pt.
<images/projeto_cond_fase.png, id=1203, 201.34422pt x 93.37283pt>
File: images/projeto_cond_fase.png Graphic file (type png)
<use images/projeto_cond_fase.png>
Package pdftex.def Info: images/projeto_cond_fase.png  used on input line 2023.

(pdftex.def)             Requested size: 218.51521pt x 101.34265pt.
 [56 <./images/avanco_fase_bode.png (PNG copy)> <./images/atraso_fase_bode.png 
(PNG copy)> <./images/avanco_atraso_fase_bode.png (PNG copy)> <./images/projeto
_cond_fase.png>]
<images/pid_continuo.png, id=1213, 233.9139pt x 140.6856pt>
File: images/pid_continuo.png Graphic file (type png)
<use images/pid_continuo.png>
Package pdftex.def Info: images/pid_continuo.png  used on input line 2072.
(pdftex.def)             Requested size: 218.51521pt x 131.42657pt.
<images/pid_continuo_filtro_derivativo.png, id=1214, 233.9139pt x 140.6856pt>
File: images/pid_continuo_filtro_derivativo.png Graphic file (type png)
<use images/pid_continuo_filtro_derivativo.png>
Package pdftex.def Info: images/pid_continuo_filtro_derivativo.png  used on inp
ut line 2078.
(pdftex.def)             Requested size: 218.51521pt x 131.42657pt.
<images/pid_discreto.png, id=1215, 233.9139pt x 140.6856pt>
File: images/pid_discreto.png Graphic file (type png)
<use images/pid_discreto.png>
Package pdftex.def Info: images/pid_discreto.png  used on input line 2084.
(pdftex.def)             Requested size: 218.51521pt x 131.42657pt.
<images/pid_bode.png, id=1216, 662.475pt x 439.8834pt>
File: images/pid_bode.png Graphic file (type png)
<use images/pid_bode.png>
Package pdftex.def Info: images/pid_bode.png  used on input line 2090.
(pdftex.def)             Requested size: 218.51521pt x 145.09485pt.
 [57 <./images/pid_continuo.png> <./images/pid_continuo_filtro_derivativo.png> 
<./images/pid_discreto.png> <./images/pid_bode.png (PNG copy)>]
<images/u_saturacao.png, id=1230, 162.75204pt x 94.09554pt>
File: images/u_saturacao.png Graphic file (type png)
<use images/u_saturacao.png>
Package pdftex.def Info: images/u_saturacao.png  used on input line 2105.
(pdftex.def)             Requested size: 218.51521pt x 126.33572pt.
<images/temperatura_sem_antiwindup.png, id=1231, 662.9568pt x 439.4016pt>
File: images/temperatura_sem_antiwindup.png Graphic file (type png)
<use images/temperatura_sem_antiwindup.png>
Package pdftex.def Info: images/temperatura_sem_antiwindup.png  used on input l
ine 2111.
(pdftex.def)             Requested size: 218.51521pt x 144.82864pt.
<images/temperatura_com_antiwindup.png, id=1232, 662.9568pt x 439.4016pt>
File: images/temperatura_com_antiwindup.png Graphic file (type png)
<use images/temperatura_com_antiwindup.png>
Package pdftex.def Info: images/temperatura_com_antiwindup.png  used on input l
ine 2117.
(pdftex.def)             Requested size: 218.51521pt x 144.82864pt.
<images/PSO.png, id=1234, 143.67276pt x 90.77112pt>
File: images/PSO.png Graphic file (type png)
<use images/PSO.png>
Package pdftex.def Info: images/PSO.png  used on input line 2131.
(pdftex.def)             Requested size: 218.51521pt x 138.05524pt.
<images/PSO2.png, id=1235, 143.67276pt x 90.77112pt>
File: images/PSO2.png Graphic file (type png)
<use images/PSO2.png>
Package pdftex.def Info: images/PSO2.png  used on input line 2137.
(pdftex.def)             Requested size: 218.51521pt x 138.05524pt.
<images/PSO3.png, id=1236, 143.67276pt x 90.77112pt>
File: images/PSO3.png Graphic file (type png)
<use images/PSO3.png>
Package pdftex.def Info: images/PSO3.png  used on input line 2143.
(pdftex.def)             Requested size: 218.51521pt x 138.05524pt.
<images/PSO4.png, id=1237, 143.67276pt x 90.77112pt>
File: images/PSO4.png Graphic file (type png)
<use images/PSO4.png>
Package pdftex.def Info: images/PSO4.png  used on input line 2150.
(pdftex.def)             Requested size: 218.51521pt x 138.05524pt.
<images/PSO5.png, id=1238, 143.67276pt x 90.77112pt>
File: images/PSO5.png Graphic file (type png)
<use images/PSO5.png>
Package pdftex.def Info: images/PSO5.png  used on input line 2156.
(pdftex.def)             Requested size: 218.51521pt x 138.05524pt.
<images/PSO6.png, id=1239, 143.67276pt x 90.77112pt>
File: images/PSO6.png Graphic file (type png)
<use images/PSO6.png>
Package pdftex.def Info: images/PSO6.png  used on input line 2162.
(pdftex.def)             Requested size: 218.51521pt x 138.05524pt.
<images/PSO_peaks.png, id=1240, 1204.5pt x 501.875pt>
File: images/PSO_peaks.png Graphic file (type png)
<use images/PSO_peaks.png>
Package pdftex.def Info: images/PSO_peaks.png  used on input line 2169.
(pdftex.def)             Requested size: 218.51521pt x 91.04579pt.
<images/PSO_surf_peaks.png, id=1241, 1204.5pt x 803.0pt>
File: images/PSO_surf_peaks.png Graphic file (type png)
<use images/PSO_surf_peaks.png>
Package pdftex.def Info: images/PSO_surf_peaks.png  used on input line 2175.
(pdftex.def)             Requested size: 218.51521pt x 145.67326pt.
<images/surf_peaks.png, id=1242, 1204.5pt x 602.25pt>
File: images/surf_peaks.png Graphic file (type png)
<use images/surf_peaks.png>
Package pdftex.def Info: images/surf_peaks.png  used on input line 2181.
(pdftex.def)             Requested size: 218.51521pt x 109.25494pt.
 [58 <./images/u_saturacao.png> <./images/temperatura_sem_antiwindup.png (PNG c
opy)> <./images/temperatura_com_antiwindup.png (PNG copy)>]
Overfull \vbox (300.09064pt too high) has occurred while \output is active []


[59 <./images/PSO.png> <./images/PSO2.png> <./images/PSO3.png> <./images/PSO4.p
ng> <./images/PSO5.png> <./images/PSO6.png> <./images/PSO_peaks.png> <./images/
PSO_surf_peaks.png> <./images/surf_peaks.png>] [60]
Cap\'{\i }tulo 7.
<images/modelo_ss.png, id=1305, 182.69856pt x 80.07516pt>
File: images/modelo_ss.png Graphic file (type png)
<use images/modelo_ss.png>
Package pdftex.def Info: images/modelo_ss.png  used on input line 2249.
(pdftex.def)             Requested size: 218.51521pt x 95.77812pt.
<images/modelo_ss_discreto.png, id=1306, 177.92874pt x 80.07516pt>
File: images/modelo_ss_discreto.png Graphic file (type png)
<use images/modelo_ss_discreto.png>
Package pdftex.def Info: images/modelo_ss_discreto.png  used on input line 2255
.
(pdftex.def)             Requested size: 218.51521pt x 98.344pt.
<images/MIMO.png, id=1307, 116.06561pt x 62.1522pt>
File: images/MIMO.png Graphic file (type png)
<use images/MIMO.png>
Package pdftex.def Info: images/MIMO.png  used on input line 2261.
(pdftex.def)             Requested size: 218.51521pt x 117.01588pt.
<images/MIMO_nonlinear.png, id=1308, 116.06561pt x 62.1522pt>
File: images/MIMO_nonlinear.png Graphic file (type png)
<use images/MIMO_nonlinear.png>
Package pdftex.def Info: images/MIMO_nonlinear.png  used on input line 2267.
(pdftex.def)             Requested size: 218.51521pt x 117.01588pt.
[61

]
<images/linearizacao.png, id=1320, 138.7584pt x 79.20792pt>
File: images/linearizacao.png Graphic file (type png)
<use images/linearizacao.png>
Package pdftex.def Info: images/linearizacao.png  used on input line 2284.
(pdftex.def)             Requested size: 386.96027pt x 220.90198pt.
 [62 <./images/modelo_ss.png> <./images/modelo_ss_discreto.png> <./images/MIMO.
png> <./images/MIMO_nonlinear.png>]
<images/pendulo_invertido.png, id=1334, 120.40182pt x 144.10638pt>
File: images/pendulo_invertido.png Graphic file (type png)
<use images/pendulo_invertido.png>
Package pdftex.def Info: images/pendulo_invertido.png  used on input line 2295.

(pdftex.def)             Requested size: 218.51521pt x 261.55936pt.
<images/pendulo_invertido_planta.png, id=1335, 205.68042pt x 96.98634pt>
File: images/pendulo_invertido_planta.png Graphic file (type png)
<use images/pendulo_invertido_planta.png>
Package pdftex.def Info: images/pendulo_invertido_planta.png  used on input lin
e 2302.
(pdftex.def)             Requested size: 218.51521pt x 103.04181pt.
 [63 <./images/linearizacao.png> <./images/pendulo_invertido.png> <./images/pen
dulo_invertido_planta.png>] [64]
Cap\'{\i }tulo 8.
<images/controlabilidade.png, id=1357, 94.96278pt x 80.79787pt>
File: images/controlabilidade.png Graphic file (type png)
<use images/controlabilidade.png>
Package pdftex.def Info: images/controlabilidade.png  used on input line 2353.
(pdftex.def)             Requested size: 218.51521pt x 185.9384pt.
<images/controlabilidade2.png, id=1358, 116.93286pt x 80.79787pt>
File: images/controlabilidade2.png Graphic file (type png)
<use images/controlabilidade2.png>
Package pdftex.def Info: images/controlabilidade2.png  used on input line 2359.

(pdftex.def)             Requested size: 218.51521pt x 151.00244pt.
<images/observabilidade.png, id=1359, 116.93286pt x 80.79787pt>
File: images/observabilidade.png Graphic file (type png)
<use images/observabilidade.png>
Package pdftex.def Info: images/observabilidade.png  used on input line 2365.
(pdftex.def)             Requested size: 218.51521pt x 151.00244pt.
[65

] [66 <./images/controlabilidade.png> <./images/controlabilidade2.png> <./image
s/observabilidade.png>]
<images/state_feedback.png, id=1376, 116.06561pt x 69.81282pt>
File: images/state_feedback.png Graphic file (type png)
<use images/state_feedback.png>
Package pdftex.def Info: images/state_feedback.png  used on input line 2405.
(pdftex.def)             Requested size: 218.51521pt x 131.43877pt.
<images/state_feedback_ref0.png, id=1377, 144.82909pt x 69.81282pt>
File: images/state_feedback_ref0.png Graphic file (type png)
<use images/state_feedback_ref0.png>
Package pdftex.def Info: images/state_feedback_ref0.png  used on input line 241
1.
(pdftex.def)             Requested size: 218.51521pt x 105.33253pt.
<images/design_process3.png, id=1378, 178.21782pt x 168.24455pt>
File: images/design_process3.png Graphic file (type png)
<use images/design_process3.png>
Package pdftex.def Info: images/design_process3.png  used on input line 2417.
(pdftex.def)             Requested size: 218.51521pt x 206.3029pt.
 [67 <./images/state_feedback.png> <./images/state_feedback_ref0.png> <./images
/design_process3.png>]
<images/state_feedback_integrador.png, id=1391, 234.1548pt x 76.89528pt>
File: images/state_feedback_integrador.png Graphic file (type png)
<use images/state_feedback_integrador.png>
Package pdftex.def Info: images/state_feedback_integrador.png  used on input li
ne 2439.
(pdftex.def)             Requested size: 218.51521pt x 71.76294pt.
<images/state_feedback_integrador2.png, id=1392, 254.24586pt x 83.1105pt>
File: images/state_feedback_integrador2.png Graphic file (type png)
<use images/state_feedback_integrador2.png>
Package pdftex.def Info: images/state_feedback_integrador2.png  used on input l
ine 2445.
(pdftex.def)             Requested size: 218.51521pt x 71.43303pt.
<images/observador_estados.png, id=1394, 724.20563pt x 529.98pt>
File: images/observador_estados.png Graphic file (type png)
<use images/observador_estados.png>
Package pdftex.def Info: images/observador_estados.png  used on input line 2463
.
(pdftex.def)             Requested size: 218.51521pt x 159.90903pt.
<images/state_observer2.png, id=1395, 161.45119pt x 97.99812pt>
File: images/state_observer2.png Graphic file (type png)
<use images/state_observer2.png>
Package pdftex.def Info: images/state_observer2.png  used on input line 2469.
(pdftex.def)             Requested size: 218.51521pt x 132.64462pt.
<images/state_observer3.png, id=1396, 204.95772pt x 97.99812pt>
File: images/state_observer3.png Graphic file (type png)
<use images/state_observer3.png>
Package pdftex.def Info: images/state_observer3.png  used on input line 2475.
(pdftex.def)             Requested size: 218.51521pt x 104.4816pt.
<images/state_observer4.png, id=1397, 204.95772pt x 97.99812pt>
File: images/state_observer4.png Graphic file (type png)
<use images/state_observer4.png>
Package pdftex.def Info: images/state_observer4.png  used on input line 2481.
(pdftex.def)             Requested size: 218.51521pt x 104.4816pt.
 [68 <./images/state_feedback_integrador.png> <./images/state_feedback_integrad
or2.png>]
File: images/pendulo_invertido_planta.png Graphic file (type png)
<use images/pendulo_invertido_planta.png>
Package pdftex.def Info: images/pendulo_invertido_planta.png  used on input lin
e 2495.
(pdftex.def)             Requested size: 218.51521pt x 103.04181pt.
<images/pendulo_invertido_planta2.png, id=1410, 205.68042pt x 120.6909pt>
File: images/pendulo_invertido_planta2.png Graphic file (type png)
<use images/pendulo_invertido_planta2.png>
Package pdftex.def Info: images/pendulo_invertido_planta2.png  used on input li
ne 2501.
(pdftex.def)             Requested size: 218.51521pt x 128.22638pt.
<images/pendulo_invertido_planta3.png, id=1411, 203.8014pt x 169.8345pt>
File: images/pendulo_invertido_planta3.png Graphic file (type png)
<use images/pendulo_invertido_planta3.png>
Package pdftex.def Info: images/pendulo_invertido_planta3.png  used on input li
ne 2507.
(pdftex.def)             Requested size: 218.51521pt x 182.09946pt.
<images/pendulo_invertido_planta_statefeedback.png, id=1412, 203.8014pt x 119.6
7912pt>
File: images/pendulo_invertido_planta_statefeedback.png Graphic file (type png)

<use images/pendulo_invertido_planta_statefeedback.png>
Package pdftex.def Info: images/pendulo_invertido_planta_statefeedback.png  use
d on input line 2514.
(pdftex.def)             Requested size: 218.51521pt x 128.32199pt.
<images/pendulo_invertido_planta_observer.png, id=1413, 203.8014pt x 112.59666p
t>
File: images/pendulo_invertido_planta_observer.png Graphic file (type png)
<use images/pendulo_invertido_planta_observer.png>
Package pdftex.def Info: images/pendulo_invertido_planta_observer.png  used on 
input line 2520.
(pdftex.def)             Requested size: 218.51521pt x 120.72806pt.
 [69 <./images/observador_estados.png (PNG copy)> <./images/state_observer2.png
> <./images/state_observer3.png> <./images/state_observer4.png>] [70 <./images/
pendulo_invertido_planta2.png> <./images/pendulo_invertido_planta3.png> <./imag
es/pendulo_invertido_planta_statefeedback.png> <./images/pendulo_invertido_plan
ta_observer.png>]
Cap\'{\i }tulo 9.
<images/controle_otimo.png, id=1432, 94.96278pt x 80.79787pt>
File: images/controle_otimo.png Graphic file (type png)
<use images/controle_otimo.png>
Package pdftex.def Info: images/controle_otimo.png  used on input line 2545.
(pdftex.def)             Requested size: 218.51521pt x 185.9384pt.
<images/controle_otimo2.png, id=1433, 94.96278pt x 80.79787pt>
File: images/controle_otimo2.png Graphic file (type png)
<use images/controle_otimo2.png>
Package pdftex.def Info: images/controle_otimo2.png  used on input line 2551.
(pdftex.def)             Requested size: 218.51521pt x 185.9384pt.
<images/controle_otimo3.png, id=1434, 94.96278pt x 80.79787pt>
File: images/controle_otimo3.png Graphic file (type png)
<use images/controle_otimo3.png>
Package pdftex.def Info: images/controle_otimo3.png  used on input line 2557.
(pdftex.def)             Requested size: 218.51521pt x 185.9384pt.
<images/controle_otimo4.png, id=1435, 94.96278pt x 80.79787pt>
File: images/controle_otimo4.png Graphic file (type png)
<use images/controle_otimo4.png>
Package pdftex.def Info: images/controle_otimo4.png  used on input line 2563.
(pdftex.def)             Requested size: 218.51521pt x 185.9384pt.
[71

]
<images/LQR_cost.png, id=1443, 562.1pt x 421.575pt>
File: images/LQR_cost.png Graphic file (type png)
<use images/LQR_cost.png>
Package pdftex.def Info: images/LQR_cost.png  used on input line 2574.
(pdftex.def)             Requested size: 218.51521pt x 163.8861pt.
<images/design_process_lqr.png, id=1444, 208.8603pt x 168.24455pt>
File: images/design_process_lqr.png Graphic file (type png)
<use images/design_process_lqr.png>
Package pdftex.def Info: images/design_process_lqr.png  used on input line 2581
.
(pdftex.def)             Requested size: 218.51521pt x 176.02019pt.
 [72 <./images/controle_otimo.png> <./images/controle_otimo2.png> <./images/con
trole_otimo3.png> <./images/controle_otimo4.png> <./images/LQR_cost.png> <./ima
ges/design_process_lqr.png>]
<images/controle_otimo_bellman.png, id=1457, 94.96278pt x 80.79787pt>
File: images/controle_otimo_bellman.png Graphic file (type png)
<use images/controle_otimo_bellman.png>
Package pdftex.def Info: images/controle_otimo_bellman.png  used on input line 
2599.
(pdftex.def)             Requested size: 218.51521pt x 185.9384pt.
<images/controle_otimo_bellman2.png, id=1458, 94.96278pt x 80.79787pt>
File: images/controle_otimo_bellman2.png Graphic file (type png)
<use images/controle_otimo_bellman2.png>
Package pdftex.def Info: images/controle_otimo_bellman2.png  used on input line
 2605.
(pdftex.def)             Requested size: 218.51521pt x 185.9384pt.
<images/controle_otimo_bellman3.png, id=1459, 99.15443pt x 80.79787pt>
File: images/controle_otimo_bellman3.png Graphic file (type png)
<use images/controle_otimo_bellman3.png>
Package pdftex.def Info: images/controle_otimo_bellman3.png  used on input line
 2611.
(pdftex.def)             Requested size: 218.51521pt x 178.08499pt.
<images/custo_estagio.png, id=1460, 94.96278pt x 80.79787pt>
File: images/custo_estagio.png Graphic file (type png)
<use images/custo_estagio.png>
Package pdftex.def Info: images/custo_estagio.png  used on input line 2617.
(pdftex.def)             Requested size: 218.51521pt x 185.9384pt.
<images/custo_to_go.png, id=1461, 94.96278pt x 80.79787pt>
File: images/custo_to_go.png Graphic file (type png)
<use images/custo_to_go.png>
Package pdftex.def Info: images/custo_to_go.png  used on input line 2624.
(pdftex.def)             Requested size: 185.73926pt x 158.04832pt.
 [73] [74 <./images/controle_otimo_bellman.png> <./images/controle_otimo_bellma
n2.png> <./images/controle_otimo_bellman3.png> <./images/custo_estagio.png> <./
images/custo_to_go.png>] [75]
Cap\'{\i }tulo 10.
<images/Rudolf_Kalman.jpg, id=1493, 241.65282pt x 225.84375pt>
File: images/Rudolf_Kalman.jpg Graphic file (type jpg)
<use images/Rudolf_Kalman.jpg>
Package pdftex.def Info: images/Rudolf_Kalman.jpg  used on input line 2691.
(pdftex.def)             Requested size: 218.51521pt x 204.22928pt.
<images/paper_1960_kf.png, id=1494, 764.8575pt x 530.73282pt>
File: images/paper_1960_kf.png Graphic file (type png)
<use images/paper_1960_kf.png>
Package pdftex.def Info: images/paper_1960_kf.png  used on input line 2698.
(pdftex.def)             Requested size: 218.51521pt x 151.62485pt.
<images/modelo_ss_discreto_estocastico.png, id=1495, 177.92874pt x 80.07516pt>
File: images/modelo_ss_discreto_estocastico.png Graphic file (type png)
<use images/modelo_ss_discreto_estocastico.png>
Package pdftex.def Info: images/modelo_ss_discreto_estocastico.png  used on inp
ut line 2704.
(pdftex.def)             Requested size: 218.51521pt x 98.344pt.
[76

 <./images/Rudolf_Kalman.jpg> <./images/paper_1960_kf.png> <./images/modelo_ss_
discreto_estocastico.png>]
<images/gaussiana_escalar.png, id=1504, 903.375pt x 376.40625pt>
File: images/gaussiana_escalar.png Graphic file (type png)
<use images/gaussiana_escalar.png>
Package pdftex.def Info: images/gaussiana_escalar.png  used on input line 2726.

(pdftex.def)             Requested size: 218.51521pt x 91.04579pt.
<images/2d_gaussian.png, id=1505, 562.1pt x 421.575pt>
File: images/2d_gaussian.png Graphic file (type png)
<use images/2d_gaussian.png>
Package pdftex.def Info: images/2d_gaussian.png  used on input line 2732.
(pdftex.def)             Requested size: 218.51521pt x 163.8861pt.
<images/state_observer.png, id=1506, 152.4897pt x 132.0132pt>
File: images/state_observer.png Graphic file (type png)
<use images/state_observer.png>
Package pdftex.def Info: images/state_observer.png  used on input line 2738.
(pdftex.def)             Requested size: 218.51521pt x 189.17828pt.
 [77 <./images/gaussiana_escalar.png (PNG copy)> <./images/2d_gaussian.png> <./
images/state_observer.png>]
<images/kf_recursive_diagram.png, id=1519, 100.88892pt x 70.1019pt>
File: images/kf_recursive_diagram.png Graphic file (type png)
<use images/kf_recursive_diagram.png>
Package pdftex.def Info: images/kf_recursive_diagram.png  used on input line 27
83.
(pdftex.def)             Requested size: 218.51521pt x 151.85316pt.
<images/kf_recursive_diagram_inf.png, id=1520, 98.2872pt x 32.5215pt>
File: images/kf_recursive_diagram_inf.png Graphic file (type png)
<use images/kf_recursive_diagram_inf.png>
Package pdftex.def Info: images/kf_recursive_diagram_inf.png  used on input lin
e 2789.
(pdftex.def)             Requested size: 218.51521pt x 72.30673pt.
 [78]
<images/kf_1d_tracking_gaussian0.png, id=1534, 318.13254pt x 121.4136pt>
File: images/kf_1d_tracking_gaussian0.png Graphic file (type png)
<use images/kf_1d_tracking_gaussian0.png>
Package pdftex.def Info: images/kf_1d_tracking_gaussian0.png  used on input lin
e 2800.
(pdftex.def)             Requested size: 218.51521pt x 83.39568pt.
<images/kf_1d_tracking_gaussian2.png, id=1535, 318.13254pt x 125.89433pt>
File: images/kf_1d_tracking_gaussian2.png Graphic file (type png)
<use images/kf_1d_tracking_gaussian2.png>
Package pdftex.def Info: images/kf_1d_tracking_gaussian2.png  used on input lin
e 2806.
(pdftex.def)             Requested size: 218.51521pt x 86.47336pt.
<images/kf_1d_tracking_gaussian3.png, id=1536, 318.13254pt x 140.49287pt>
File: images/kf_1d_tracking_gaussian3.png Graphic file (type png)
<use images/kf_1d_tracking_gaussian3.png>
Package pdftex.def Info: images/kf_1d_tracking_gaussian3.png  used on input lin
e 2812.
(pdftex.def)             Requested size: 218.51521pt x 96.5007pt.
<images/kf_1d_tracking_gaussian4.png, id=1537, 318.13254pt x 161.1621pt>
File: images/kf_1d_tracking_gaussian4.png Graphic file (type png)
<use images/kf_1d_tracking_gaussian4.png>
Package pdftex.def Info: images/kf_1d_tracking_gaussian4.png  used on input lin
e 2818.
(pdftex.def)             Requested size: 218.51521pt x 110.69783pt.
<images/kf_1d_tracking_gaussian_q.png, id=1538, 318.13254pt x 161.1621pt>
File: images/kf_1d_tracking_gaussian_q.png Graphic file (type png)
<use images/kf_1d_tracking_gaussian_q.png>
Package pdftex.def Info: images/kf_1d_tracking_gaussian_q.png  used on input li
ne 2825.
(pdftex.def)             Requested size: 185.73926pt x 94.09378pt.
<images/kf_1d_tracking_gaussian_r.png, id=1539, 318.13254pt x 161.1621pt>
File: images/kf_1d_tracking_gaussian_r.png Graphic file (type png)
<use images/kf_1d_tracking_gaussian_r.png>
Package pdftex.def Info: images/kf_1d_tracking_gaussian_r.png  used on input li
ne 2831.
(pdftex.def)             Requested size: 185.73926pt x 94.09378pt.
 [79 <./images/kf_recursive_diagram.png> <./images/kf_recursive_diagram_inf.png
> <./images/kf_1d_tracking_gaussian0.png> <./images/kf_1d_tracking_gaussian2.pn
g> <./images/kf_1d_tracking_gaussian3.png> <./images/kf_1d_tracking_gaussian4.p
ng> <./images/kf_1d_tracking_gaussian_q.png> <./images/kf_1d_tracking_gaussian_
r.png>]
Cap\'{\i }tulo 11.
<images/controle_otimo_estocastico.png, id=1553, 95.1555pt x 80.9424pt>
File: images/controle_otimo_estocastico.png Graphic file (type png)
<use images/controle_otimo_estocastico.png>
Package pdftex.def Info: images/controle_otimo_estocastico.png  used on input l
ine 2854.
(pdftex.def)             Requested size: 218.51521pt x 185.90422pt.
<images/controle_otimo_bellman-estocastico.png, id=1554, 95.75775pt x 80.79787p
t>
File: images/controle_otimo_bellman-estocastico.png Graphic file (type png)
<use images/controle_otimo_bellman-estocastico.png>
Package pdftex.def Info: images/controle_otimo_bellman-estocastico.png  used on
 input line 2860.
(pdftex.def)             Requested size: 218.51521pt x 184.39114pt.
<images/controle_otimo_bellman2-estocastico.png, id=1555, 94.96278pt x 80.79787
pt>
File: images/controle_otimo_bellman2-estocastico.png Graphic file (type png)
<use images/controle_otimo_bellman2-estocastico.png>
Package pdftex.def Info: images/controle_otimo_bellman2-estocastico.png  used o
n input line 2866.
(pdftex.def)             Requested size: 218.51521pt x 185.9384pt.
<images/controle_otimo_bellman3-estocastico.png, id=1556, 94.96278pt x 80.79787
pt>
File: images/controle_otimo_bellman3-estocastico.png Graphic file (type png)
<use images/controle_otimo_bellman3-estocastico.png>
Package pdftex.def Info: images/controle_otimo_bellman3-estocastico.png  used o
n input line 2872.
(pdftex.def)             Requested size: 218.51521pt x 185.9384pt.
<images/custo_por_estagio_estocastico.png, id=1557, 95.03505pt x 80.79787pt>
File: images/custo_por_estagio_estocastico.png Graphic file (type png)
<use images/custo_por_estagio_estocastico.png>
Package pdftex.def Info: images/custo_por_estagio_estocastico.png  used on inpu
t line 2879.
(pdftex.def)             Requested size: 218.51521pt x 185.78552pt.
<images/custo_to_go_estocastico.png, id=1558, 94.96278pt x 80.79787pt>
File: images/custo_to_go_estocastico.png Graphic file (type png)
<use images/custo_to_go_estocastico.png>
Package pdftex.def Info: images/custo_to_go_estocastico.png  used on input line
 2885.
(pdftex.def)             Requested size: 218.51521pt x 185.9384pt.
<images/state_observer_kf_sistema_estocastico.png, id=1559, 155.66959pt x 154.6
578pt>
File: images/state_observer_kf_sistema_estocastico.png Graphic file (type png)
<use images/state_observer_kf_sistema_estocastico.png>
Package pdftex.def Info: images/state_observer_kf_sistema_estocastico.png  used
 on input line 2891.
(pdftex.def)             Requested size: 218.51521pt x 217.11176pt.
[80

]
Overfull \vbox (207.69835pt too high) has occurred while \output is active []


[81 <./images/controle_otimo_estocastico.png> <./images/controle_otimo_bellman-
estocastico.png> <./images/controle_otimo_bellman2-estocastico.png> <./images/c
ontrole_otimo_bellman3-estocastico.png> <./images/custo_por_estagio_estocastico
.png> <./images/custo_to_go_estocastico.png> <./images/state_observer_kf_sistem
a_estocastico.png>]
<images/montagem_servomotor_pinout.png, id=1579, 730.4088pt x 445.1832pt>
File: images/montagem_servomotor_pinout.png Graphic file (type png)
<use images/montagem_servomotor_pinout.png>
Package pdftex.def Info: images/montagem_servomotor_pinout.png  used on input l
ine 2927.
(pdftex.def)             Requested size: 409.71692pt x 249.72205pt.
 [82 <./images/montagem_servomotor_pinout.png>] [83]
[84] [85] [86

]
(G:\My Drive\Disciplinas\Gradua√ß√£o\SEL0359-Controle Digital\slides\pdf\aposti
la_controle_digital.aux)
 ***********
LaTeX2e <2025-11-01>
L3 programming layer <2026-03-20>
 ***********
Package rerunfilecheck Info: File `apostila_controle_digital.out' has not chang
ed.
(rerunfilecheck)             Checksum: CDFFA782D7986223C3279BDED302D368;21683.
 ) 
Here is how much of TeX's memory you used:
 34093 strings out of 467691
 671151 string characters out of 5414987
 1593756 words of memory out of 5000000
 61738 multiletter control sequences out of 15000+600000
 755093 words of font info for 273 fonts, out of 8000000 for 9000
 1141 hyphenation exceptions out of 8191
 84i,11n,94p,1024b,2042s stack positions out of 10000i,1000n,20000p,200000b,200000s
<C:/Users/engma/AppData/Local/Programs/MiKTeX/fonts/type1/public/lm/lmbx10.pf
b><C:/Users/engma/AppData/Local/Programs/MiKTeX/fonts/type1/public/lm/lmbx12.pf
b><C:/Users/engma/AppData/Local/Programs/MiKTeX/fonts/type1/public/lm/lmbx8.pfb
><C:/Users/engma/AppData/Local/Programs/MiKTeX/fonts/type1/public/lm/lmcsc10.pf
b><C:/Users/engma/AppData/Local/Programs/MiKTeX/fonts/type1/public/lm/lmex10.pf
b><C:/Users/engma/AppData/Local/Programs/MiKTeX/fonts/type1/public/lm/lmmi10.pf
b><C:/Users/engma/AppData/Local/Programs/MiKTeX/fonts/type1/public/lm/lmmi6.pfb
><C:/Users/engma/AppData/Local/Programs/MiKTeX/fonts/type1/public/lm/lmmi7.pfb>
<C:/Users/engma/AppData/Local/Programs/MiKTeX/fonts/type1/public/lm/lmmi8.pfb><
C:/Users/engma/AppData/Local/Programs/MiKTeX/fonts/type1/public/lm/lmr10.pfb><C
:/Users/engma/AppData/Local/Programs/MiKTeX/fonts/type1/public/lm/lmr12.pfb><C:
/Users/engma/AppData/Local/Programs/MiKTeX/fonts/type1/public/lm/lmr6.pfb><C:/U
sers/engma/AppData/Local/Programs/MiKTeX/fonts/type1/public/lm/lmr7.pfb><C:/Use
rs/engma/AppData/Local/Programs/MiKTeX/fonts/type1/public/lm/lmr8.pfb><C:/Users
/engma/AppData/Local/Programs/MiKTeX/fonts/type1/public/lm/lmri10.pfb><C:/Users
/engma/AppData/Local/Programs/MiKTeX/fonts/type1/public/lm/lmri12.pfb><C:/Users
/engma/AppData/Local/Programs/MiKTeX/fonts/type1/public/lm/lmro10.pfb><C:/Users
/engma/AppData/Local/Programs/MiKTeX/fonts/type1/public/lm/lmsy10.pfb><C:/Users
/engma/AppData/Local/Programs/MiKTeX/fonts/type1/public/lm/lmsy7.pfb><C:/Users/
engma/AppData/Local/Programs/MiKTeX/fonts/type1/public/lm/lmsy8.pfb><C:/Users/e
ngma/AppData/Local/Programs/MiKTeX/fonts/type1/public/lm/lmtt9.pfb><C:/Users/en
gma/AppData/Local/Programs/MiKTeX/fonts/type1/public/amsfonts/symbols/msbm10.pf
b>
Output written on "G:\My Drive\Disciplinas\Gradua√ß√£o\SEL0359-Controle Digital
\slides\pdf\apostila_controle_digital.pdf" (87 pages, 23368673 bytes).
PDF statistics:
 1949 PDF objects out of 2073 (max. 8388607)
 570 named destinations out of 1000 (max. 500000)
 74664 words of extra memory for PDF output out of 89155 (max. 10000000)

